0, 0, 0, 0, 0, 355, 0, 0
0, 0, 0, 0, 0, 355, 1, 0
0, 0, 0, 0, 0, 355, 1, 84
0, 0, 0, 142, 0, 355, 1, 84
0, 0, 0, 142, 125, 355, 1, 84
0, 0, 0, 142, 125, 355, 1, 84
0, 0, 0, 142, 125, 355, 1, 84
0, 0, 329, 142, 125, 355, 1, 84
0, 0, 329, 142, 125, 453, 1, 84
0, 0, 329, 142, 125, 453, 0, 84
0, 0, 329, 142, 125, 453, 0, 84
0, 0, 329, 9, 125, 453, 0, 84
0, 0, 329, 9, 415, 453, 0, 84
0, 0, 329, 9, 415, 92, 0, 84
0, 0, 329, 9, 415, 92, 0, 84
0, 0, 680, 0, 378, 4095, 47, 378
0, 0, 329, 0, 3082, 4095, 720, 0
0, 0, 329, 0, 3082, 4095, 720, 0
0, 0, 329, 0, 416, 4095, 720, 0
0, 0, 329, 0, 416, 4095, 720, 0
0, 0, 329, 0, 416, 4095, 720, 0
0, 0, 2000, 0, 416, 4095, 720, 0
0, 0, 2000, 0, 416, 4095, 720, 0
0, 0, 2000, 0, 416, 4095, 835, 0
0, 0, 2000, 0, 416, 4095, 835, 0
0, 0, 2000, 96, 416, 4095, 835, 0
0, 0, 2000, 96, 415, 4095, 835, 0
0, 0, 2000, 96, 415, 4095, 835, 0
0, 0, 2000, 96, 415, 4095, 548, 0
0, 0, 2000, 96, 415, 4095, 548, 0
0, 0, 2000, 0, 415, 4095, 548, 0
0, 0, 2000, 0, 417, 4095, 548, 0
0, 0, 2000, 0, 417, 4095, 548, 0
0, 0, 2000, 0, 417, 4095, 548, 0
0, 0, 328, 0, 417, 4095, 548, 0
0, 0, 328, 0, 417, 4095, 548, 0
0, 0, 328, 0, 417, 4095, 855, 0
0, 0, 328, 0, 417, 4095, 855, 0
0, 0, 328, 42, 417, 4095, 855, 0
0, 0, 328, 42, 415, 4095, 855, 0
0, 0, 328, 42, 415, 4095, 855, 0
0, 0, 328, 42, 415, 4095, 530, 0
0, 0, 328, 42, 415, 4095, 530, 0
0, 0, 4095, 5, 417, 165, 320, 0
0, 0, 4095, 5, 416, 165, 320, 0
0, 0, 4095, 5, 416, 165, 320, 0
0, 46, 4095, 5, 416, 165, 320, 0
0, 0, 1359, 4093, 415, 0, 224, 0
0, 0, 1359, 4093, 417, 0, 224, 0
0, 0, 1359, 4093, 417, 236, 224, 0
0, 0, 1359, 4093, 417, 236, 48, 0
0, 0, 1359, 4093, 417, 236, 48, 0
0, 0, 1359, 4095, 417, 236, 48, 0
0, 0, 1359, 4095, 416, 236, 48, 0
0, 0, 1359, 4095, 416, 236, 48, 0
0, 0, 1359, 4095, 416, 236, 48, 0
0, 0, 106, 4095, 62, 190, 56, 0
0, 0, 106, 4095, 62, 127, 56, 0
0, 0, 106, 4095, 62, 127, 29, 0
0, 0, 106, 4095, 62, 127, 29, 0
0, 0, 106, 165, 62, 127, 29, 0
0, 0, 106, 165, 416, 127, 29, 0
0, 0, 106, 165, 416, 224, 29, 0
0, 0, 106, 165, 416, 224, 590, 0
0, 0, 106, 165, 416, 224, 590, 0
4095, 4095, 10, 0, 415, 666, 39, 0
4095, 4095, 10, 0, 415, 666, 39, 0
4095, 4095, 10, 0, 415, 666, 39, 0
4095, 4095, 10, 0, 415, 666, 39, 0
4095, 4095, 10, 0, 415, 697, 39, 0
4095, 4095, 10, 0, 415, 697, 0, 0
4095, 4095, 10, 0, 415, 697, 0, 0
4095, 4095, 10, 0, 415, 697, 0, 0
4095, 4095, 1068, 0, 3064, 697, 0, 0
4095, 4095, 1068, 0, 3064, 176, 0, 0
4095, 4095, 1068, 0, 3064, 176, 38, 0
4095, 4095, 1068, 0, 3064, 176, 38, 0
4095, 4095, 1068, 0, 3064, 176, 38, 0
4095, 4095, 1068, 0, 3064, 176, 38, 0
4095, 4095, 2357, 0, 3064, 176, 38, 0
4095, 4095, 2357, 46, 3064, 176, 38, 0
4095, 4095, 2357, 46, 60, 176, 38, 0
4095, 4095, 2357, 46, 60, 277, 38, 0
4095, 4095, 2357, 46, 60, 277, 23, 0
4095, 4095, 2357, 46, 60, 277, 23, 0
4095, 4095, 2357, 55, 60, 277, 23, 0
3517, 343, 1522, 0, 60, 135, 3, 0
3517, 343, 2355, 0, 60, 135, 3, 0
3517, 343, 2355, 4095, 60, 135, 3, 0
3517, 343, 2355, 4095, 416, 135, 3, 0
2117, 0, 741, 4095, 60, 176, 34, 0
2117, 0, 741, 4095, 60, 256, 34, 0
2117, 0, 741, 4095, 60, 256, 235, 0
2117, 0, 741, 4095, 60, 256, 235, 0
1770, 0, 741, 4095, 60, 256, 235, 0
1770, 17, 741, 4095, 60, 256, 235, 0
1770, 17, 275, 4095, 60, 256, 235, 0
1770, 17, 275, 4095, 60, 256, 235, 0
1770, 17, 275, 4095, 60, 256, 235, 0
1770, 17, 275, 4095, 60, 177, 235, 0
1770, 17, 275, 4095, 60, 177, 7, 0
1770, 17, 275, 4095, 60, 177, 7, 0
1770, 17, 275, 4095, 60, 177, 7, 0
1770, 17, 275, 4095, 3073, 177, 7, 0
1770, 17, 275, 4095, 3073, 896, 7, 0
1770, 17, 275, 4095, 3073, 896, 79, 0
1770, 17, 275, 4095, 3073, 896, 79, 0
1465, 17, 275, 4095, 3073, 896, 79, 0
1465, 0, 275, 4095, 3073, 896, 79, 0
1465, 0, 1634, 4095, 3073, 896, 79, 0
1465, 0, 1634, 4095, 3073, 896, 79, 0
1465, 0, 1634, 4095, 417, 896, 79, 0
1465, 0, 1634, 4095, 417, 177, 79, 0
1465, 0, 1634, 4095, 417, 177, 34, 0
1465, 0, 1634, 4095, 417, 177, 34, 0
1465, 0, 1634, 4095, 417, 177, 34, 0
1465, 0, 1634, 4095, 418, 177, 34, 0
1465, 0, 1634, 4095, 418, 384, 34, 0
1465, 0, 1634, 4095, 418, 384, 0, 0
1465, 0, 1634, 4095, 418, 384, 0, 0
3, 0, 1634, 4095, 418, 384, 0, 0
3, 0, 1634, 4095, 418, 384, 0, 0
3, 0, 1995, 4095, 418, 384, 0, 0
3, 0, 1995, 4095, 418, 384, 0, 0
3, 0, 1995, 4095, 59, 384, 0, 0
3, 0, 1995, 4095, 59, 633, 0, 0
3, 0, 1995, 4095, 59, 633, 34, 0
3, 0, 1995, 4095, 59, 633, 34, 0
1520, 0, 909, 4095, 58, 2288, 79, 0
1520, 0, 909, 4095, 416, 2288, 79, 0
1520, 0, 909, 4095, 416, 1056, 79, 0
1520, 0, 909, 4095, 416, 1056, 0, 0
1520, 0, 909, 4095, 416, 1056, 0, 0
1520, 0, 909, 4095, 416, 1056, 0, 0
1520, 0, 909, 4095, 59, 1056, 0, 0
1520, 0, 909, 4095, 59, 1007, 0, 0
1520, 0, 909, 4095, 59, 1007, 54, 0
1520, 0, 909, 4095, 59, 1007, 54, 0
623, 0, 909, 4095, 59, 1007, 54, 0
623, 0, 909, 4095, 59, 1007, 54, 0
623, 0, 909, 4095, 3050, 1007, 54, 0
623, 0, 909, 4095, 3050, 915, 54, 0
623, 0, 909, 4095, 3050, 915, 74, 0
623, 0, 909, 4095, 3050, 915, 74, 0
623, 0, 909, 4095, 3050, 915, 74, 0
623, 0, 909, 4095, 3050, 655, 74, 0
623, 0, 909, 4095, 3050, 655, 48, 0
623, 0, 909, 4095, 3050, 655, 48, 0
623, 0, 909, 4095, 415, 655, 48, 0
623, 0, 909, 4095, 415, 655, 48, 0
623, 0, 1033, 4095, 415, 655, 48, 0
365, 0, 1033, 4095, 415, 655, 48, 0
365, 0, 1033, 4095, 415, 655, 48, 0
365, 0, 165, 4095, 415, 655, 48, 0
365, 0, 165, 4095, 415, 655, 48, 0
365, 0, 165, 4095, 415, 655, 48, 0
365, 0, 165, 4095, 415, 505, 48, 0
365, 0, 165, 4095, 415, 505, 25, 0
365, 0, 165, 4095, 415, 505, 25, 0
365, 0, 165, 4095, 415, 505, 25, 0
365, 0, 165, 4095, 416, 505, 25, 0
275, 0, 165, 4095, 416, 505, 25, 0
275, 0, 165, 4095, 416, 505, 25, 0
275, 0, 251, 4095, 416, 505, 25, 0
275, 0, 251, 4095, 416, 463, 25, 0
275, 0, 251, 4095, 416, 463, 59, 0
275, 0, 251, 4095, 416, 463, 59, 0
275, 0, 251, 4095, 416, 336, 59, 0
275, 0, 251, 4095, 416, 336, 60, 0
275, 0, 251, 4095, 416, 336, 60, 0
275, 0, 251, 4095, 416, 336, 60, 0
275, 0, 251, 4095, 416, 336, 60, 0
0, 0, 2356, 0, 3069, 1520, 0, 0
0, 0, 2356, 0, 417, 1520, 0, 0
1046, 0, 2356, 0, 417, 1520, 0, 0
1046, 0, 2356, 0, 417, 1520, 0, 0
1046, 0, 2223, 0, 417, 1520, 0, 0
1046, 0, 2223, 0, 417, 4095, 0, 0
1046, 0, 2223, 0, 417, 4095, 146, 0
1046, 0, 2223, 0, 417, 4095, 146, 0
1046, 0, 2223, 0, 417, 4095, 146, 0
1046, 0, 2223, 0, 417, 4095, 146, 0
1046, 0, 2223, 182, 417, 4095, 146, 0
1046, 0, 2223, 182, 63, 4095, 146, 0
1046, 0, 2223, 182, 63, 4095, 146, 0
1046, 0, 2223, 182, 63, 4095, 262, 0
1046, 0, 2223, 182, 63, 4095, 262, 0
566, 0, 2223, 182, 63, 4095, 262, 0
566, 0, 2223, 182, 63, 4095, 262, 0
566, 0, 1157, 182, 63, 4095, 262, 0
566, 0, 1157, 0, 63, 4095, 262, 0
566, 0, 1157, 0, 416, 4095, 262, 0
566, 0, 1157, 0, 416, 4095, 262, 0
566, 0, 1157, 0, 416, 4095, 262, 0
566, 0, 1157, 0, 416, 4095, 270, 0
566, 0, 1157, 0, 416, 4095, 270, 0
566, 0, 1157, 0, 3041, 4095, 270, 0
383, 0, 1157, 0, 3041, 4095, 270, 0
383, 0, 1157, 0, 3041, 4095, 270, 0
383, 0, 1733, 0, 3041, 4095, 270, 0
383, 0, 1733, 220, 3041, 4095, 270, 0
383, 0, 1733, 220, 62, 4095, 4095, 0
383, 0, 1733, 220, 62, 4095, 4095, 0
261, 0, 418, 205, 61, 4095, 4095, 0
261, 0, 418, 205, 61, 4095, 4095, 0
261, 0, 418, 0, 61, 4095, 4095, 0
261, 0, 418, 0, 3095, 4095, 4095, 0
198, 0, 418, 0, 3095, 4095, 4095, 0
198, 0, 418, 0, 3095, 4095, 4095, 0
198, 0, 328, 0, 3095, 4095, 4095, 0
198, 0, 328, 0, 3095, 4095, 4095, 0
198, 0, 328, 0, 3095, 4095, 4095, 0
198, 0, 328, 0, 3095, 4095, 4095, 0
198, 0, 328, 214, 3095, 4095, 4095, 0
198, 0, 328, 214, 63, 4095, 4095, 0
198, 0, 328, 214, 63, 4095, 4095, 0
198, 0, 328, 214, 63, 4095, 4095, 0
198, 0, 328, 214, 63, 4095, 4095, 0
0, 0, 328, 214, 63, 4095, 4095, 0
0, 0, 328, 214, 63, 4095, 4095, 0
0, 0, 1825, 214, 63, 4095, 4095, 0
0, 0, 1825, 4095, 63, 4095, 4095, 0
0, 0, 1825, 4095, 3065, 4095, 4095, 0
0, 0, 1825, 4095, 3065, 2047, 4095, 0
0, 0, 1825, 4095, 3065, 2047, 190, 0
0, 0, 1825, 4095, 3065, 2047, 190, 0
0, 0, 1825, 4095, 3065, 2047, 190, 0
0, 0, 1825, 4095, 3055, 2047, 190, 0
0, 0, 1825, 4095, 3055, 453, 190, 0
0, 0, 1825, 4095, 3055, 453, 16, 0
0, 0, 1825, 4095, 3055, 453, 16, 0
144, 0, 1825, 4095, 3055, 453, 16, 0
144, 0, 1825, 4095, 3055, 453, 16, 0
144, 0, 2270, 4095, 3055, 453, 16, 0
144, 0, 2270, 4095, 3055, 453, 16, 0
144, 0, 2270, 4095, 416, 453, 16, 0
144, 0, 2270, 4095, 416, 453, 16, 0
144, 0, 2270, 4095, 3078, 453, 16, 0
144, 0, 2270, 4095, 3078, 507, 16, 0
144, 0, 2270, 4095, 3078, 507, 24, 0
144, 0, 2270, 4095, 3078, 507, 24, 0
131, 0, 2270, 4095, 3078, 507, 24, 0
131, 0, 2270, 4095, 3078, 507, 24, 0
131, 0, 1536, 4095, 3078, 507, 24, 0
131, 0, 1536, 4095, 3078, 507, 24, 0
131, 0, 1536, 4095, 3078, 459, 24, 0
131, 0, 1536, 4095, 3078, 459, 30, 0
131, 0, 1536, 4095, 3078, 459, 30, 0
131, 0, 1536, 4095, 3078, 459, 30, 0
131, 0, 1536, 4095, 3078, 459, 30, 0
131, 0, 1536, 4095, 3086, 459, 30, 0
110, 0, 1536, 4095, 3086, 459, 30, 0
110, 0, 1536, 4095, 3086, 459, 30, 0
110, 0, 330, 4095, 3086, 459, 30, 0
110, 0, 330, 4095, 3086, 121, 30, 0
110, 0, 330, 4095, 3086, 121, 38, 0
110, 0, 330, 4095, 3086, 121, 38, 0
110, 0, 330, 4095, 3086, 121, 38, 0
110, 0, 330, 4095, 61, 121, 38, 0
110, 0, 330, 4095, 61, 2944, 38, 0
110, 0, 330, 4095, 61, 2944, 273, 0
110, 0, 330, 4095, 61, 2944, 273, 2937
110, 0, 330, 65, 61, 2944, 273, 2937
110, 0, 330, 65, 415, 2944, 273, 2937
126, 0, 330, 65, 415, 2944, 273, 2937
126, 0, 330, 65, 415, 2944, 273, 2937
126, 0, 329, 65, 415, 2944, 273, 2937
126, 0, 329, 0, 415, 2944, 273, 2937
126, 0, 329, 0, 417, 2944, 273, 2937
126, 0, 329, 0, 417, 579, 273, 2937
0, 311, 329, 0, 416, 579, 155, 0
0, 311, 1623, 0, 416, 579, 155, 0
0, 311, 1623, 4095, 416, 579, 155, 0
0, 311, 1623, 4095, 416, 579, 155, 0
0, 311, 1623, 4095, 416, 595, 155, 0
0, 311, 1623, 4095, 416, 595, 139, 0
0, 311, 1623, 4095, 416, 595, 139, 0
0, 311, 1623, 4095, 416, 595, 139, 0
0, 311, 1623, 4095, 62, 595, 139, 0
0, 311, 1623, 4095, 62, 595, 139, 0
0, 4095, 1623, 4095, 62, 595, 139, 0
0, 4095, 1149, 4095, 62, 595, 139, 0
0, 4095, 1149, 4095, 62, 342, 139, 0
0, 4095, 1149, 4095, 62, 342, 74, 0
0, 4095, 1149, 4095, 62, 342, 74, 0
0, 4095, 1149, 4095, 62, 342, 74, 0
0, 4095, 1149, 4095, 3064, 342, 74, 0
0, 4095, 1149, 4095, 3064, 342, 74, 0
0, 4095, 1149, 4095, 3064, 342, 74, 0
0, 4095, 328, 4095, 3064, 342, 74, 0
0, 4095, 328, 4095, 3064, 464, 74, 0
0, 4095, 328, 4095, 3064, 464, 74, 0
0, 4095, 328, 4095, 3064, 464, 53, 0
0, 4095, 328, 4095, 3064, 464, 53, 0
0, 4095, 328, 4095, 416, 464, 53, 0
0, 4095, 328, 4095, 416, 464, 53, 0
0, 4095, 328, 4095, 59, 464, 53, 0
0, 4095, 328, 4095, 59, 642, 53, 0
0, 4095, 328, 4095, 59, 642, 129, 0
0, 4095, 328, 4095, 59, 642, 129, 0
0, 0, 0, 0, 0, 83, 0, 0
0, 0, 0, 0, 0, 83, 0, 0
0, 0, 0, 0, 0, 83, 0, 376
0, 0, 0, 79, 0, 83, 0, 376
0, 0, 0, 79, 207, 83, 0, 376
0, 0, 0, 4, 207, 83, 0, 376
0, 0, 0, 4, 416, 83, 0, 376
0, 0, 0, 4, 416, 178, 0, 376
0, 0, 0, 4, 416, 178, 0, 376
0, 0, 0, 4, 416, 178, 0, 376
167, 0, 0, 4, 416, 178, 0, 376
167, 1, 0, 4, 416, 178, 0, 376
167, 1, 102, 4, 416, 178, 0, 376
167, 1, 102, 4, 416, 69, 0, 376
167, 1, 102, 32, 416, 69, 0, 376
167, 1, 102, 32, 302, 69, 0, 376
167, 1, 102, 32, 302, 69, 0, 376
167, 1, 102, 32, 302, 69, 0, 146
52, 1, 102, 32, 302, 69, 0, 146
52, 16, 102, 32, 302, 69, 0, 146
52, 16, 121, 32, 302, 69, 0, 146
52, 16, 121, 32, 302, 130, 0, 146
52, 16, 121, 4095, 302, 130, 0, 146
52, 16, 121, 4095, 380, 130, 0, 146
52, 16, 121, 4095, 380, 130, 0, 146
52, 16, 121, 4095, 380, 130, 0, 375
52, 16, 121, 4095, 380, 170, 0, 375
52, 16, 121, 4095, 380, 170, 3, 375
52, 16, 121, 4095, 380, 170, 3, 376
52, 16, 121, 4095, 380, 170, 3, 376
52, 16, 121, 4095, 3071, 170, 3, 376
167, 16, 121, 4095, 3071, 170, 3, 376
167, 0, 121, 4095, 3071, 170, 3, 376
167, 0, 170, 4095, 3071, 170, 3, 376
167, 0, 170, 4095, 3071, 288, 3, 376
167, 0, 170, 4095, 3071, 288, 0, 376
167, 0, 170, 4095, 3071, 288, 0, 378
167, 0, 170, 4095, 3071, 288, 0, 378
167, 0, 170, 4095, 3, 288, 0, 378
167, 0, 170, 4095, 3, 95, 0, 378
167, 0, 170, 4095, 3, 95, 0, 378
167, 0, 170, 4095, 3, 95, 0, 377
167, 0, 170, 4095, 3, 95, 0, 377
167, 0, 170, 4095, 61, 95, 0, 377
9, 0, 170, 4095, 61, 95, 0, 377
9, 0, 170, 4095, 61, 95, 0, 377
9, 0, 708, 4095, 61, 95, 0, 377
9, 0, 708, 4095, 61, 302, 0, 377
9, 0, 708, 4095, 61, 302, 16, 377
9, 0, 708, 4095, 61, 302, 16, 376
9, 0, 708, 4095, 61, 302, 16, 376
9, 0, 708, 4095, 60, 302, 16, 376
9, 0, 708, 4095, 60, 1856, 16, 376
9, 0, 708, 4095, 60, 1856, 64, 376
9, 0, 708, 4095, 60, 1856, 64, 376
9, 0, 708, 0, 60, 1856, 64, 376
9, 0, 708, 0, 1921, 1856, 64, 376
44, 0, 708, 0, 1921, 1856, 64, 376
44, 0, 708, 0, 1921, 1856, 64, 376
44, 0, 103, 0, 1921, 1856, 64, 376
44, 0, 103, 0, 1921, 204, 64, 376
44, 0, 103, 0, 1921, 204, 3, 376
44, 0, 103, 0, 1921, 204, 3, 98
44, 0, 103, 0, 1921, 204, 3, 98
44, 0, 103, 0, 1251, 204, 3, 98
44, 0, 103, 0, 1251, 197, 3, 98
44, 0, 103, 0, 1251, 197, 0, 98
44, 0, 103, 0, 1251, 197, 0, 103
44, 0, 103, 117, 1251, 197, 0, 103
44, 0, 103, 117, 107, 197, 0, 103
0, 0, 103, 117, 107, 197, 0, 103
0, 0, 103, 117, 107, 197, 0, 103
0, 0, 262, 117, 107, 197, 0, 103
0, 0, 262, 117, 107, 474, 0, 103
0, 0, 262, 117, 107, 474, 21, 103
0, 0, 262, 117, 107, 474, 21, 98
0, 0, 262, 0, 107, 474, 21, 98
0, 0, 262, 0, 3063, 474, 21, 98
0, 0, 262, 0, 3063, 240, 21, 98
0, 0, 262, 0, 3063, 240, 0, 98
0, 0, 262, 0, 3063, 240, 0, 528
0, 0, 262, 1958, 3063, 240, 0, 528
0, 0, 262, 1958, 417, 240, 0, 528
117, 0, 262, 1958, 417, 240, 0, 528
117, 67, 262, 1958, 417, 240, 0, 528
117, 67, 327, 1958, 417, 240, 0, 528
117, 67, 327, 1958, 417, 2000, 0, 528
117, 67, 327, 1958, 417, 2000, 0, 528
117, 67, 327, 1958, 417, 2000, 0, 148
117, 67, 327, 4095, 417, 2000, 0, 148
117, 67, 327, 4095, 379, 2000, 0, 148
117, 67, 327, 4095, 379, 2001, 0, 148
117, 67, 327, 4095, 379, 2001, 0, 148
117, 67, 327, 4095, 379, 2001, 0, 376
126, 67, 327, 4095, 379, 2001, 0, 376
126, 0, 327, 4095, 379, 2001, 0, 376
126, 0, 1587, 4095, 379, 2001, 0, 376
126, 0, 1587, 4095, 379, 2001, 0, 376
126, 0, 1587, 4095, 379, 2001, 0, 376
126, 0, 1587, 4095, 379, 1057, 0, 376
126, 0, 1587, 4095, 379, 1057, 0, 376
126, 0, 1587, 4095, 379, 1057, 0, 310
126, 0, 1587, 4095, 379, 1057, 0, 310
126, 0, 1587, 4095, 416, 1057, 0, 310
126, 0, 1587, 4095, 416, 113, 0, 310
126, 0, 1587, 4095, 416, 113, 0, 310
126, 0, 1587, 4095, 416, 113, 0, 376
4095, 0, 1587, 4095, 416, 113, 0, 376
4095, 4095, 1587, 4095, 416, 113, 0, 376
4095, 4095, 2118, 4095, 416, 113, 0, 376
4095, 4095, 2118, 4095, 416, 113, 0, 376
4095, 4095, 2118, 4095, 415, 113, 0, 376
4095, 4095, 2118, 4095, 415, 0, 0, 376
4095, 4095, 2118, 4095, 415, 0, 0, 376
4095, 4095, 2118, 4095, 415, 0, 0, 376
4095, 4095, 2118, 4095, 415, 0, 0, 376
4095, 4095, 2118, 4095, 415, 0, 0, 376
4095, 4095, 2118, 4095, 415, 102, 0, 376
4095, 4095, 2118, 4095, 415, 102, 0, 376
4095, 4095, 2118, 4095, 415, 102, 0, 376
4095, 4095, 2118, 4095, 415, 102, 0, 376
4095, 4095, 2118, 4095, 415, 102, 0, 376
4095, 4095, 1513, 4095, 415, 102, 0, 376
4095, 4095, 1513, 4095, 415, 102, 0, 376
4095, 4095, 1513, 4095, 415, 102, 0, 376
4095, 4095, 1513, 4095, 415, 0, 0, 376
4095, 4095, 1513, 4095, 415, 0, 0, 376
4095, 4095, 1513, 4095, 415, 0, 0, 376
4095, 4095, 1513, 4095, 415, 0, 0, 376
4095, 4095, 1513, 4095, 380, 0, 0, 376
4095, 4095, 1513, 4095, 380, 0, 0, 376
4095, 4095, 1513, 4095, 380, 0, 0, 376
4095, 4095, 1513, 4095, 380, 0, 0, 377
4095, 4095, 1513, 4095, 380, 0, 0, 377
4095, 4095, 1513, 4095, 380, 0, 0, 377
4095, 4095, 401, 4095, 380, 0, 0, 377
4095, 4095, 401, 4095, 380, 0, 0, 377
4095, 4095, 401, 4095, 416, 0, 0, 377
4095, 4095, 401, 4095, 416, 0, 0, 377
4095, 4095, 401, 4095, 416, 0, 0, 377
4095, 4095, 401, 4095, 416, 0, 0, 283
4095, 4095, 401, 4095, 416, 0, 0, 283
4095, 4095, 401, 4095, 416, 0, 0, 283
4095, 4095, 401, 4095, 416, 496, 0, 283
4095, 4095, 401, 4095, 416, 496, 16, 283
4095, 4095, 401, 4095, 416, 496, 16, 328
4095, 4095, 401, 4095, 416, 496, 16, 328
4095, 0, 401, 4095, 416, 496, 16, 328
4095, 0, 418, 4095, 416, 496, 16, 328
4095, 0, 418, 4095, 416, 496, 16, 328
4095, 0, 418, 4095, 415, 496, 16, 328
4095, 0, 418, 4095, 415, 145, 16, 328
4095, 0, 418, 4095, 415, 145, 101, 328
4095, 0, 418, 4095, 415, 145, 101, 376
4095, 0, 418, 4095, 415, 145, 101, 376
4095, 0, 418, 4095, 419, 145, 101, 376
4095, 0, 418, 4095, 419, 1660, 101, 376
4095, 0, 418, 4095, 419, 1660, 121, 376
4095, 0, 418, 4095, 419, 1660, 121, 304
1010, 0, 418, 4095, 419, 1660, 121, 304
1010, 55, 418, 4095, 419, 1660, 121, 304
1010, 55, 135, 4095, 419, 1660, 121, 304
1010, 55, 135, 38, 419, 1660, 121, 304
1010, 55, 135, 38, 417, 1660, 121, 304
1010, 55, 135, 38, 417, 1579, 121, 304
1010, 55, 135, 38, 417, 1579, 48, 304
1010, 55, 135, 38, 417, 1579, 48, 131
1010, 55, 135, 192, 417, 1579, 48, 131
1010, 55, 135, 192, 418, 1579, 48, 131
1010, 55, 135, 192, 418, 0, 48, 131
1010, 55, 135, 192, 418, 0, 27, 131
1010, 55, 135, 192, 418, 0, 27, 376
4095, 55, 135, 192, 418, 0, 27, 376
4095, 3927, 135, 192, 418, 0, 27, 376
4095, 3927, 177, 192, 418, 0, 27, 376
4095, 3927, 177, 526, 418, 0, 27, 376
4095, 3927, 177, 526, 417, 0, 27, 376
4095, 3927, 177, 526, 417, 177, 27, 376
4095, 3927, 177, 526, 417, 177, 0, 376
4095, 3927, 177, 526, 417, 177, 0, 376
4095, 3927, 177, 2931, 417, 177, 0, 376
4095, 3927, 177, 2931, 378, 177, 0, 376
4095, 3927, 177, 2931, 378, 230, 0, 376
4095, 3927, 177, 2931, 378, 230, 21, 376
4095, 3927, 177, 2931, 378, 230, 21, 376
4095, 3927, 177, 2931, 378, 230, 21, 376
4095, 4095, 177, 2931, 378, 230, 21, 376
4095, 4095, 416, 2931, 378, 230, 21, 376
4095, 4095, 416, 35, 378, 230, 21, 376
4095, 4095, 416, 35, 3023, 230, 21, 376
4095, 4095, 416, 35, 3023, 212, 21, 376
4095, 4095, 416, 35, 3023, 212, 0, 376
4095, 4095, 416, 35, 3023, 212, 0, 325
4095, 4095, 416, 110, 3023, 212, 0, 325
4095, 4095, 416, 110, 418, 212, 0, 325
4095, 4095, 416, 110, 418, 209, 0, 325
4095, 4095, 416, 110, 418, 209, 0, 325
4095, 4095, 416, 110, 418, 209, 0, 376
4095, 4095, 416, 110, 418, 209, 0, 376
4095, 4095, 416, 110, 418, 209, 0, 376
4095, 4095, 416, 110, 418, 209, 0, 376
4095, 4095, 416, 110, 418, 99, 0, 376
4095, 4095, 416, 110, 418, 99, 5, 376
4095, 4095, 416, 110, 418, 99, 5, 376
4095, 4095, 416, 86, 418, 99, 5, 376
4095, 4095, 416, 86, 526, 99, 5, 376
4095, 4095, 416, 86, 526, 28, 5, 376
4095, 4095, 416, 86, 526, 28, 0, 376
4095, 4095, 416, 86, 526, 28, 0, 376
4095, 4095, 416, 0, 526, 28, 0, 376
4095, 4095, 416, 0, 415, 28, 0, 376
4095, 4095, 416, 0, 415, 28, 0, 376
4095, 3547, 416, 0, 415, 28, 0, 376
4095, 3547, 192, 0, 415, 28, 0, 376
4095, 3547, 192, 0, 415, 614, 0, 376
4095, 3547, 192, 0, 415, 614, 22, 376
4095, 3547, 192, 0, 415, 614, 22, 376
4095, 3547, 192, 0, 415, 614, 22, 376
4095, 3547, 192, 0, 370, 614, 22, 376
4095, 3547, 192, 0, 370, 527, 22, 376
4095, 3547, 192, 0, 370, 527, 0, 376
4095, 3547, 192, 0, 370, 527, 0, 376
4095, 3547, 192, 4095, 370, 527, 0, 376
4095, 3547, 192, 4095, 417, 527, 0, 376
2490, 3547, 192, 4095, 417, 527, 0, 376
2490, 1243, 192, 4095, 417, 527, 0, 376
2490, 1243, 174, 4095, 417, 527, 0, 376
2490, 1243, 174, 4095, 417, 464, 0, 376
2490, 1243, 174, 4095, 417, 464, 0, 376
2490, 1243, 174, 4095, 417, 464, 0, 376
2490, 1243, 174, 4095, 417, 464, 0, 376
2490, 1243, 174, 4095, 378, 464, 0, 376
2490, 1243, 174, 4095, 378, 112, 0, 376
2490, 1243, 174, 4095, 378, 112, 5, 376
2490, 1243, 174, 4095, 378, 112, 5, 376
2490, 1243, 174, 4095, 378, 112, 5, 376
2490, 1243, 174, 4095, 416, 112, 5, 376
4095, 1243, 174, 4095, 416, 112, 5, 376
4095, 227, 174, 4095, 416, 112, 5, 376
4095, 227, 31, 4095, 416, 112, 5, 376
4095, 227, 31, 4095, 416, 187, 5, 376
4095, 227, 31, 4095, 416, 187, 0, 376
4095, 227, 31, 4095, 416, 187, 0, 376
4095, 227, 31, 4095, 416, 187, 0, 376
4095, 227, 31, 4095, 681, 187, 0, 376
4095, 227, 31, 4095, 681, 64, 0, 376
4095, 227, 31, 4095, 681, 64, 0, 376
4095, 227, 31, 4095, 681, 64, 0, 376
4095, 227, 31, 4095, 681, 64, 0, 376
4095, 79, 31, 4095, 681, 64, 0, 376
4095, 79, 1638, 4095, 681, 64, 0, 376
4095, 79, 1638, 4095, 681, 64, 0, 376
4095, 79, 1638, 4095, 379, 64, 0, 376
4095, 79, 1638, 4095, 379, 212, 0, 376
4095, 79, 1638, 4095, 379, 212, 6, 376
4095, 79, 1638, 4095, 379, 212, 6, 375
4095, 79, 1638, 4095, 379, 212, 6, 375
4095, 79, 1638, 4095, 417, 212, 6, 375
4095, 79, 1638, 4095, 417, 299, 6, 375
4095, 79, 1638, 4095, 417, 299, 16, 375
4095, 79, 1638, 4095, 417, 299, 16, 375
4095, 79, 1638, 4095, 417, 299, 16, 375
4095, 48, 1638, 4095, 417, 299, 16, 375
4095, 48, 1701, 4095, 417, 299, 16, 375
4095, 48, 1701, 4095, 417, 299, 16, 375
4095, 48, 1701, 4095, 416, 299, 16, 375
4095, 48, 1701, 4095, 416, 36, 16, 375
4095, 48, 1701, 4095, 416, 36, 0, 375
4095, 48, 1701, 4095, 416, 36, 0, 377
4095, 48, 1701, 4095, 416, 36, 0, 377
4095, 48, 1701, 4095, 416, 36, 0, 377
0, 48, 1701, 4095, 416, 36, 0, 377
0, 937, 1701, 4095, 416, 36, 0, 377
0, 937, 325, 4095, 416, 36, 0, 377
0, 937, 325, 4095, 416, 1515, 0, 377
0, 937, 325, 4095, 416, 1515, 48, 377
0, 937, 325, 4095, 416, 1515, 48, 375
0, 937, 325, 0, 416, 1515, 48, 375
0, 937, 325, 0, 137, 1515, 48, 375
0, 937, 325, 0, 137, 309, 48, 375
0, 937, 325, 0, 137, 309, 118, 375
0, 937, 325, 0, 137, 309, 118, 59
0, 937, 325, 0, 137, 309, 118, 59
0, 937, 325, 0, 157, 309, 118, 59
0, 937, 325, 0, 157, 2762, 118, 59
5, 937, 325, 0, 157, 2762, 118, 59
5, 0, 325, 0, 157, 2762, 118, 59
5, 0, 1993, 0, 157, 2762, 118, 59
5, 0, 1993, 0, 157, 2762, 73, 59
5, 0, 1993, 0, 157, 2762, 73, 375
5, 0, 1993, 0, 157, 2762, 73, 375
5, 0, 1993, 0, 2892, 2762, 73, 375
5, 0, 1993, 0, 2892, 4095, 73, 375
5, 0, 1993, 0, 2892, 4095, 223, 375
5, 0, 1993, 0, 2892, 4095, 223, 10
5, 0, 1993, 0, 2892, 4095, 223, 10
5, 0, 1993, 0, 3061, 4095, 223, 10
5, 0, 1993, 0, 3061, 4095, 223, 10
5, 0, 1993, 0, 3061, 4095, 290, 10
5, 0, 1993, 0, 3061, 4095, 290, 6
0, 0, 1993, 0, 3061, 4095, 290, 6
0, 0, 1993, 0, 3061, 4095, 290, 6
0, 0, 327, 0, 3061, 4095, 290, 6
0, 0, 327, 8, 3061, 4095, 290, 6
0, 0, 327, 8, 418, 4095, 290, 6
0, 0, 327, 8, 418, 4095, 290, 6
0, 0, 327, 8, 418, 4095, 368, 6
0, 0, 327, 8, 418, 4095, 368, 6
0, 0, 327, 0, 418, 4095, 368, 6
0, 0, 327, 0, 416, 4095, 368, 6
0, 0, 327, 0, 416, 4095, 368, 6
0, 0, 327, 0, 416, 4095, 368, 6
0, 0, 329, 0, 416, 4095, 368, 6
0, 0, 329, 0, 416, 4095, 368, 6
0, 0, 329, 0, 416, 4095, 1360, 6
0, 0, 329, 0, 416, 4095, 1360, 6
0, 0, 329, 0, 416, 4095, 1360, 6
0, 0, 329, 0, 3073, 4095, 1360, 6
0, 0, 329, 0, 3073, 4095, 1360, 6
0, 0, 329, 0, 3073, 4095, 113, 6
0, 0, 329, 0, 3073, 4095, 113, 375
0, 0, 329, 118, 3073, 4095, 113, 375
0, 0, 329, 118, 417, 4095, 113, 375
0, 0, 329, 118, 417, 4095, 113, 375
0, 0, 329, 118, 417, 4095, 113, 375
0, 0, 106, 118, 417, 4095, 113, 375
0, 0, 106, 118, 417, 65, 113, 375
0, 0, 106, 118, 417, 65, 64, 375
0, 0, 106, 118, 417, 65, 64, 625
0, 0, 106, 0, 417, 65, 64, 625
0, 0, 106, 0, 515, 65, 64, 625
0, 0, 106, 0, 515, 254, 64, 625
0, 0, 106, 0, 515, 254, 18, 625
0, 0, 106, 0, 515, 254, 18, 75
0, 0, 106, 237, 515, 254, 18, 75
0, 0, 106, 237, 120, 254, 18, 75
0, 0, 106, 237, 120, 254, 18, 75
0, 0, 106, 237, 120, 254, 18, 75
0, 0, 171, 237, 120, 254, 18, 75
0, 0, 171, 237, 120, 150, 18, 75
0, 0, 171, 237, 120, 150, 3, 75
0, 0, 171, 237, 120, 150, 3, 376
0, 0, 171, 0, 120, 150, 3, 376
0, 0, 171, 0, 1997, 150, 3, 376
0, 0, 171, 0, 1997, 207, 3, 376
0, 0, 171, 0, 1997, 207, 33, 376
0, 0, 171, 0, 1997, 207, 33, 376
0, 0, 171, 0, 1997, 207, 33, 376
0, 0, 171, 0, 3054, 207, 33, 376
0, 0, 171, 0, 3054, 207, 33, 376
0, 0, 171, 0, 3054, 207, 33, 376
0, 0, 417, 0, 3054, 207, 33, 376
0, 0, 417, 0, 3054, 247, 33, 376
0, 0, 417, 0, 3054, 247, 0, 376
0, 0, 417, 0, 3054, 247, 0, 377
0, 0, 417, 266, 3054, 247, 0, 377
0, 0, 417, 266, 61, 247, 0, 377
0, 0, 417, 266, 61, 302, 0, 377
0, 0, 417, 266, 61, 302, 0, 377
0, 0, 417, 266, 61, 302, 0, 376
0, 0, 417, 266, 61, 302, 0, 376
0, 0, 417, 266, 61, 302, 0, 376
0, 0, 903, 266, 61, 302, 0, 376
0, 0, 903, 77, 61, 302, 0, 376
0, 0, 903, 77, 414, 302, 0, 376
0, 0, 903, 77, 414, 511, 0, 376
0, 0, 903, 77, 414, 511, 7, 376
0, 0, 903, 77, 414, 511, 7, 86
0, 0, 903, 0, 414, 511, 7, 86
0, 0, 903, 0, 417, 511, 7, 86
0, 0, 903, 0, 417, 291, 7, 86
0, 0, 903, 0, 417, 291, 0, 86
0, 0, 903, 0, 417, 291, 0, 376
0, 0, 903, 0, 417, 291, 0, 376
0, 0, 903, 0, 417, 291, 0, 376
0, 0, 1550, 0, 417, 291, 0, 376
0, 0, 1550, 73, 417, 291, 0, 376
0, 0, 1550, 73, 334, 291, 0, 376
0, 0, 1550, 73, 334, 4095, 0, 376
0, 0, 1550, 73, 334, 4095, 0, 376
0, 0, 1550, 73, 334, 4095, 0, 306
0, 0, 1550, 174, 334, 4095, 0, 306
0, 0, 1550, 174, 416, 4095, 0, 306
0, 0, 1550, 174, 416, 0, 0, 306
0, 0, 1550, 174, 416, 0, 16, 306
0, 0, 1550, 174, 416, 0, 16, 248
4095, 0, 1550, 174, 416, 0, 16, 248
4095, 0, 1550, 174, 416, 0, 16, 248
4095, 0, 326, 174, 416, 0, 16, 248
4095, 0, 326, 110, 416, 0, 16, 248
4095, 0, 326, 110, 416, 0, 16, 248
4095, 0, 326, 110, 416, 4095, 16, 248
4095, 0, 326, 110, 416, 4095, 179, 248
4095, 0, 326, 110, 416, 4095, 179, 375
4095, 0, 326, 0, 416, 4095, 179, 375
4095, 0, 326, 0, 415, 4095, 179, 375
4095, 0, 326, 0, 415, 4095, 179, 375
4095, 0, 326, 0, 415, 4095, 189, 375
4095, 0, 326, 0, 415, 4095, 189, 376
4095, 0, 326, 0, 415, 4095, 189, 376
4095, 48, 326, 0, 415, 4095, 189, 376
4095, 48, 1743, 0, 415, 4095, 189, 376
4095, 48, 1743, 0, 415, 4095, 189, 376
4095, 48, 1743, 0, 416, 4095, 189, 376
4095, 48, 1743, 0, 416, 4095, 189, 376
4095, 48, 1743, 0, 416, 4095, 154, 376
4095, 48, 1743, 0, 416, 4095, 154, 118
4095, 48, 1743, 98, 416, 4095, 154, 118
4095, 48, 1743, 98, 379, 4095, 154, 118
4095, 48, 1743, 98, 379, 4095, 154, 118
4095, 48, 1743, 98, 379, 4095, 147, 118
4095, 48, 1743, 98, 379, 4095, 147, 376
4095, 48, 1743, 98, 379, 4095, 147, 376
4095, 40, 1743, 98, 379, 4095, 147, 376
4095, 40, 1980, 98, 379, 4095, 147, 376
4095, 40, 1980, 0, 379, 4095, 147, 376
4095, 40, 1980, 0, 418, 4095, 147, 376
4095, 40, 1980, 0, 418, 0, 147, 376
4095, 40, 1980, 0, 418, 0, 0, 376
4095, 40, 1980, 0, 418, 0, 0, 376
4095, 40, 1980, 1986, 418, 0, 0, 376
4095, 40, 1980, 1986, 378, 0, 0, 376
0, 0, 0, 39, 0, 0, 0, 0
0, 0, 0, 39, 379, 0, 0, 0
0, 0, 0, 39, 379, 336, 0, 0
0, 0, 0, 39, 379, 336, 0, 0
0, 0, 0, 39, 379, 336, 0, 328
0, 0, 0, 39, 379, 272, 0, 328
0, 0, 0, 115, 379, 272, 0, 328
0, 0, 0, 115, 379, 272, 0, 328
0, 0, 0, 115, 379, 272, 0, 92
0, 0, 0, 115, 1958, 272, 0, 92
0, 0, 0, 115, 1958, 272, 0, 92
0, 0, 0, 115, 1958, 272, 0, 92
0, 0, 328, 115, 1958, 272, 0, 92
0, 0, 328, 115, 1958, 0, 0, 92
0, 0, 328, 115, 1958, 0, 5, 92
0, 0, 328, 115, 1958, 0, 5, 377
0, 0, 328, 0, 1958, 0, 5, 377
0, 0, 328, 0, 379, 0, 5, 377
0, 0, 328, 0, 379, 688, 5, 377
0, 0, 328, 0, 379, 688, 0, 377
0, 0, 328, 0, 379, 688, 0, 377
0, 0, 328, 0, 379, 688, 0, 377
0, 0, 328, 0, 379, 688, 0, 377
0, 0, 1989, 0, 379, 688, 0, 377
0, 0, 1989, 4095, 379, 688, 0, 377
0, 0, 1989, 4095, 379, 52, 0, 377
0, 0, 1989, 4095, 379, 52, 0, 377
0, 0, 1989, 4095, 379, 52, 0, 119
0, 0, 1989, 4095, 0, 52, 0, 119
0, 0, 1989, 4095, 0, 52, 0, 119
0, 0, 1989, 4095, 0, 52, 0, 119
0, 0, 1989, 4095, 0, 128, 0, 119
0, 0, 1989, 4095, 0, 128, 0, 119
0, 0, 1989, 4095, 0, 128, 0, 376
0, 0, 1989, 4095, 0, 128, 0, 376
0, 0, 1989, 4095, 0, 128, 0, 376
0, 0, 1989, 4095, 0, 128, 0, 376
0, 0, 624, 4095, 0, 128, 0, 376
0, 0, 624, 4095, 0, 128, 0, 376
0, 0, 624, 4095, 0, 20, 0, 376
0, 0, 624, 4095, 0, 20, 0, 376
0, 0, 624, 4095, 0, 20, 0, 330
0, 0, 624, 4095, 0, 20, 0, 330
0, 0, 624, 4095, 0, 20, 0, 330
0, 0, 624, 4095, 0, 7, 0, 330
0, 0, 624, 4095, 0, 7, 0, 330
0, 0, 624, 4095, 0, 7, 0, 132
0, 0, 624, 4095, 0, 7, 0, 132
0, 0, 624, 4095, 0, 7, 0, 132
0, 0, 624, 4095, 0, 7, 0, 132
0, 0, 624, 4095, 0, 7, 0, 132
0, 0, 328, 4095, 0, 7, 0, 132
0, 0, 328, 4095, 0, 102, 0, 132
0, 0, 328, 4095, 0, 102, 0, 132
0, 0, 328, 4095, 0, 102, 0, 376
0, 0, 328, 4095, 0, 102, 0, 376
0, 0, 328, 4095, 0, 102, 0, 376
0, 0, 328, 4095, 0, 400, 0, 376
0, 0, 328, 4095, 0, 400, 0, 376
0, 0, 328, 4095, 0, 400, 0, 196
0, 0, 328, 3583, 0, 400, 0, 196
0, 0, 328, 3583, 0, 400, 0, 196
4095, 0, 328, 3583, 0, 400, 0, 196
4095, 4095, 328, 3583, 0, 400, 0, 196
4095, 4095, 592, 3583, 0, 400, 0, 196
4095, 4095, 592, 3583, 0, 4, 0, 196
4095, 4095, 592, 3583, 0, 4, 0, 196
4095, 4095, 592, 3583, 0, 4, 0, 376
4095, 4095, 592, 256, 0, 4, 0, 376
4095, 4095, 592, 256, 0, 4, 0, 376
4095, 4095, 592, 256, 0, 813, 0, 376
4095, 4095, 592, 256, 0, 813, 0, 376
4095, 4095, 592, 256, 0, 813, 0, 377
4095, 4095, 592, 1018, 0, 813, 0, 377
4095, 4095, 592, 1018, 0, 813, 0, 377
4095, 4095, 592, 1018, 0, 813, 0, 377
4095, 4095, 592, 1018, 0, 813, 0, 377
4095, 4095, 653, 1018, 0, 813, 0, 377
4095, 4095, 653, 1018, 0, 196, 0, 377
4095, 4095, 653, 1018, 0, 196, 0, 377
4095, 4095, 653, 1018, 0, 196, 0, 376
4095, 4095, 653, 865, 0, 196, 0, 376
4095, 4095, 653, 865, 0, 196, 0, 376
4095, 4095, 653, 865, 0, 1, 0, 376
4095, 4095, 653, 865, 0, 1, 0, 376
4095, 4095, 653, 865, 0, 1, 0, 376
4095, 4095, 653, 865, 0, 1, 0, 377
4095, 1775, 653, 865, 0, 1, 0, 377
4095, 1775, 112, 865, 0, 1, 0, 377
4095, 1775, 112, 649, 0, 1, 0, 377
4095, 1775, 112, 649, 0, 1, 0, 377
4095, 1775, 112, 649, 0, 0, 0, 377
4095, 1775, 112, 649, 0, 0, 0, 377
4095, 1775, 112, 649, 0, 0, 0, 377
4095, 1775, 112, 817, 0, 0, 0, 377
4095, 1775, 112, 817, 0, 0, 0, 377
4095, 1775, 112, 817, 0, 0, 0, 377
4095, 4095, 112, 817, 0, 0, 0, 377
4095, 4095, 665, 817, 0, 0, 0, 377
4095, 4095, 665, 817, 0, 0, 0, 377
4095, 4095, 665, 817, 0, 0, 0, 377
4095, 4095, 665, 817, 0, 0, 0, 376
4095, 4095, 665, 712, 0, 0, 0, 376
4095, 4095, 665, 712, 0, 0, 0, 376
4095, 4095, 665, 712, 0, 656, 0, 376
4095, 4095, 665, 712, 0, 656, 0, 376
4095, 4095, 665, 712, 0, 656, 0, 376
4095, 4095, 665, 0, 0, 656, 0, 376
4095, 4095, 665, 0, 0, 656, 0, 376
4095, 4095, 665, 0, 0, 656, 0, 376
4095, 0, 665, 0, 0, 656, 0, 376
4095, 0, 1501, 0, 0, 656, 0, 376
4095, 0, 1501, 0, 0, 48, 0, 376
4095, 0, 1501, 0, 0, 48, 0, 376
4095, 0, 1501, 0, 0, 48, 0, 328
4095, 0, 1501, 4095, 0, 48, 0, 328
4095, 0, 1501, 4095, 0, 48, 0, 328
4095, 0, 1501, 4095, 0, 4, 0, 328
4095, 0, 1501, 4095, 0, 4, 13, 328
4095, 0, 1501, 4095, 0, 4, 13, 87
4095, 0, 1501, 0, 0, 4, 13, 87
4095, 0, 1501, 0, 0, 4, 13, 87
0, 0, 1501, 0, 0, 4, 13, 87
0, 0, 1501, 0, 0, 4, 13, 87
0, 0, 1067, 0, 0, 4, 13, 87
0, 0, 1067, 0, 0, 192, 13, 87
0, 0, 1067, 0, 0, 192, 0, 87
0, 0, 1067, 0, 0, 192, 0, 89
0, 0, 1067, 256, 0, 192, 0, 89
0, 0, 1067, 256, 0, 192, 0, 89
0, 0, 1067, 256, 0, 107, 0, 89
0, 0, 1067, 256, 0, 107, 0, 89
0, 0, 1067, 256, 0, 107, 0, 93
0, 0, 1067, 418, 0, 107, 0, 93
0, 0, 1067, 418, 0, 107, 0, 93
0, 0, 1067, 418, 0, 107, 0, 93
0, 0, 1067, 418, 0, 107, 0, 93
0, 0, 1165, 418, 0, 107, 0, 93
0, 0, 1165, 418, 0, 0, 0, 93
0, 0, 1165, 512, 0, 0, 0, 93
0, 0, 1165, 512, 0, 0, 0, 93
0, 0, 1165, 512, 0, 0, 0, 93
0, 0, 1165, 512, 0, 0, 0, 3325
0, 0, 1165, 32, 0, 0, 0, 3325
0, 0, 1165, 32, 0, 0, 0, 3325
0, 0, 1165, 32, 0, 84, 0, 3325
0, 0, 1165, 32, 0, 84, 0, 3325
0, 0, 1165, 32, 0, 84, 0, 86
0, 0, 1165, 32, 0, 84, 0, 86
0, 0, 1165, 32, 0, 84, 0, 86
0, 0, 1154, 32, 0, 84, 0, 86
0, 0, 1154, 827, 0, 84, 0, 86
0, 0, 1154, 827, 0, 84, 0, 86
0, 0, 1154, 827, 0, 190, 0, 86
0, 0, 1154, 827, 0, 190, 0, 86
0, 0, 1154, 827, 0, 190, 0, 90
0, 0, 1154, 827, 0, 189, 0, 90
0, 0, 1154, 827, 0, 189, 0, 90
0, 0, 1154, 827, 0, 189, 0, 106
0, 0, 1154, 0, 0, 189, 0, 106
0, 0, 1154, 0, 0, 189, 0, 106
0, 0, 1154, 0, 0, 189, 0, 106
0, 0, 1154, 0, 0, 189, 0, 106
0, 0, 570, 0, 0, 189, 0, 106
0, 0, 570, 420, 0, 189, 0, 106
0, 0, 570, 420, 0, 189, 0, 106
0, 0, 570, 420, 0, 4095, 0, 106
0, 0, 570, 420, 0, 4095, 448, 106
0, 0, 570, 420, 0, 4095, 448, 191
0, 0, 570, 84, 0, 4095, 448, 191
0, 0, 570, 84, 0, 4095, 448, 191
0, 0, 570, 84, 0, 4095, 448, 191
0, 0, 570, 84, 0, 4095, 120, 191
0, 0, 570, 84, 0, 4095, 120, 3367
0, 0, 570, 84, 0, 4095, 120, 3367
0, 0, 570, 84, 0, 4095, 120, 3367
0, 0, 2360, 84, 0, 4095, 120, 3367
0, 0, 2360, 160, 0, 4095, 120, 3367
0, 0, 2360, 160, 0, 4095, 120, 3367
0, 0, 2360, 0, 0, 4095, 120, 3367
0, 0, 2360, 0, 0, 4095, 120, 3367
0, 0, 2360, 0, 0, 4095, 120, 3367
0, 0, 2360, 0, 0, 4095, 120, 3367
0, 0, 2359, 0, 0, 4095, 120, 3367
0, 0, 2359, 0, 0, 4095, 120, 3367
0, 0, 2359, 0, 0, 4095, 120, 3367
0, 0, 2359, 0, 0, 4095, 120, 3367
0, 0, 2359, 0, 0, 4095, 120, 3367
0, 0, 2359, 0, 0, 4095, 120, 3367
0, 0, 2359, 0, 0, 4095, 120, 3367
0, 0, 2359, 0, 0, 4095, 120, 3367
0, 0, 2359, 1164, 0, 4095, 120, 3367
0, 0, 2359, 1164, 0, 4095, 120, 3367
0, 0, 2359, 0, 0, 4095, 120, 3367
0, 0, 2359, 0, 0, 4095, 120, 3367
277, 0, 2359, 0, 0, 4095, 120, 3367
277, 0, 2359, 0, 0, 4095, 120, 3367
277, 0, 2359, 0, 0, 4095, 120, 3367
277, 0, 2359, 128, 0, 4095, 120, 3367
277, 0, 2359, 128, 0, 4095, 120, 3367
277, 0, 2359, 414, 0, 4095, 120, 3367
277, 0, 2359, 414, 0, 4095, 120, 3367
4095, 0, 2359, 414, 0, 4095, 120, 3367
4095, 260, 2359, 414, 0, 4095, 120, 3367
4095, 260, 2359, 414, 0, 4095, 120, 3367
4095, 260, 2359, 0, 0, 4095, 120, 3367
4095, 260, 2359, 0, 0, 4095, 120, 3367
4095, 260, 2359, 384, 0, 4095, 120, 3367
4095, 260, 2359, 384, 0, 4095, 120, 3367
4095, 260, 2359, 384, 0, 4095, 120, 3367
4095, 0, 2359, 384, 0, 4095, 120, 3367
4095, 0, 2358, 384, 0, 4095, 120, 3367
4095, 0, 2358, 383, 0, 4095, 120, 3367
4095, 0, 2358, 383, 0, 4095, 120, 3367
0, 0, 0, 0, 0, 709, 0, 0
0, 0, 0, 0, 0, 709, 0, 0
0, 0, 0, 0, 0, 709, 0, 83
427, 0, 0, 0, 0, 709, 0, 83
427, 0, 0, 0, 0, 709, 0, 83
427, 0, 161, 0, 0, 709, 0, 83
427, 0, 161, 27, 0, 709, 0, 83
427, 0, 161, 27, 414, 709, 0, 83
427, 0, 161, 27, 414, 180, 0, 83
427, 0, 161, 27, 414, 180, 0, 83
427, 0, 161, 27, 414, 180, 0, 89
427, 0, 161, 48, 414, 180, 0, 89
427, 0, 161, 48, 416, 180, 0, 89
427, 0, 161, 48, 416, 848, 0, 89
427, 0, 161, 48, 416, 848, 0, 89
427, 0, 161, 48, 416, 848, 0, 329
1061, 0, 161, 48, 416, 848, 0, 329
1061, 0, 161, 48, 416, 848, 0, 329
1061, 0, 502, 48, 416, 848, 0, 329
1061, 0, 502, 4095, 416, 848, 0, 329
1061, 0, 502, 4095, 416, 848, 0, 329
1061, 0, 502, 4095, 416, 115, 0, 329
1061, 0, 502, 4095, 416, 115, 0, 329
1061, 0, 502, 4095, 416, 115, 0, 376
1061, 0, 502, 4095, 416, 115, 0, 376
1061, 0, 502, 4095, 376, 115, 0, 376
1061, 0, 502, 4095, 376, 81, 0, 376
1061, 0, 502, 4095, 376, 81, 0, 376
1061, 0, 502, 4095, 376, 81, 0, 377
139, 0, 502, 4095, 376, 81, 0, 377
139, 0, 502, 4095, 376, 81, 0, 377
139, 0, 328, 4095, 376, 81, 0, 377
139, 0, 328, 0, 376, 81, 0, 377
139, 0, 328, 0, 417, 81, 0, 377
139, 0, 328, 0, 417, 16, 0, 377
139, 0, 328, 0, 417, 16, 0, 377
139, 0, 328, 0, 417, 16, 0, 376
139, 0, 328, 207, 417, 16, 0, 376
139, 0, 328, 207, 416, 16, 0, 376
139, 0, 328, 207, 416, 678, 0, 376
139, 0, 328, 207, 416, 678, 0, 376
139, 0, 328, 207, 416, 678, 0, 377
914, 0, 328, 207, 416, 678, 0, 377
914, 0, 328, 207, 416, 678, 0, 377
914, 0, 426, 207, 416, 678, 0, 377
914, 0, 426, 4095, 416, 678, 0, 377
914, 0, 426, 4095, 28, 678, 0, 377
914, 0, 426, 4095, 28, 37, 0, 377
914, 0, 426, 4095, 28, 37, 0, 377
914, 0, 426, 4095, 28, 37, 0, 376
914, 0, 426, 4095, 28, 29, 0, 376
914, 0, 426, 4095, 28, 29, 0, 376
914, 0, 426, 4095, 28, 29, 0, 376
914, 0, 426, 4095, 28, 29, 0, 376
914, 0, 426, 4095, 416, 29, 0, 376
1075, 0, 426, 4095, 416, 29, 0, 376
1075, 0, 426, 4095, 416, 29, 0, 376
1075, 0, 335, 4095, 416, 29, 0, 376
1075, 0, 335, 4095, 416, 73, 0, 376
1075, 0, 335, 0, 416, 73, 0, 376
1075, 0, 335, 0, 416, 73, 0, 376
1075, 0, 335, 0, 416, 73, 0, 418
1075, 0, 335, 0, 416, 73, 0, 418
1075, 0, 335, 0, 416, 155, 0, 418
1075, 0, 335, 0, 416, 155, 11, 418
1075, 0, 335, 0, 416, 155, 11, 153
1075, 0, 335, 4095, 416, 155, 11, 153
1075, 0, 335, 4095, 420, 155, 11, 153
624, 0, 335, 4095, 420, 155, 11, 153
624, 95, 335, 4095, 420, 155, 11, 153
624, 95, 372, 4095, 420, 155, 11, 153
624, 95, 372, 4095, 420, 21, 11, 153
624, 95, 372, 4095, 420, 21, 0, 153
624, 95, 372, 4095, 420, 21, 0, 376
624, 95, 372, 150, 420, 21, 0, 376
624, 95, 372, 150, 0, 21, 0, 376
624, 95, 372, 150, 0, 2, 0, 376
624, 95, 372, 150, 0, 2, 58, 376
624, 95, 372, 150, 0, 2, 58, 376
0, 95, 372, 150, 0, 2, 58, 376
0, 0, 372, 150, 0, 2, 58, 376
0, 0, 1921, 150, 0, 2, 58, 376
0, 0, 1921, 150, 0, 303, 58, 376
0, 0, 1921, 150, 0, 303, 0, 376
0, 0, 1921, 150, 0, 303, 0, 52
0, 0, 1921, 4095, 0, 303, 0, 52
0, 0, 1921, 4095, 0, 303, 0, 52
0, 0, 1921, 4095, 0, 1677, 0, 52
0, 0, 1921, 4095, 0, 1677, 0, 52
0, 0, 1921, 4095, 0, 1677, 0, 376
0, 0, 1921, 4095, 0, 1677, 0, 376
0, 0, 1921, 4095, 0, 1677, 0, 376
0, 0, 328, 4095, 0, 1677, 0, 376
0, 0, 328, 4095, 0, 1677, 0, 376
0, 0, 328, 4095, 0, 1677, 0, 376
0, 0, 328, 4095, 0, 160, 0, 376
0, 0, 328, 4095, 0, 160, 0, 376
0, 0, 328, 4095, 0, 160, 0, 376
0, 0, 328, 4095, 0, 1606, 0, 376
0, 0, 328, 4095, 0, 1606, 0, 376
0, 0, 328, 4095, 0, 1606, 0, 376
1423, 0, 328, 4095, 0, 1606, 0, 376
1423, 0, 328, 4095, 0, 1606, 0, 376
1423, 0, 375, 4095, 0, 1606, 0, 376
1423, 0, 375, 4095, 0, 1606, 0, 376
1423, 0, 375, 4095, 416, 1606, 0, 376
1423, 0, 375, 4095, 416, 4, 0, 376
1423, 0, 375, 4095, 416, 4, 0, 376
1423, 0, 375, 4095, 416, 4, 0, 376
1423, 0, 375, 4095, 416, 310, 0, 376
256, 0, 375, 4095, 416, 310, 0, 376
256, 0, 375, 4095, 416, 310, 0, 376
256, 0, 375, 4095, 416, 310, 0, 376
256, 0, 224, 4095, 416, 310, 0, 376
256, 0, 224, 4095, 0, 310, 0, 376
256, 0, 224, 4095, 0, 310, 0, 376
256, 0, 224, 4095, 0, 310, 0, 87
256, 0, 224, 4095, 0, 336, 0, 87
256, 0, 224, 4095, 0, 336, 0, 87
256, 0, 224, 4095, 0, 336, 0, 326
256, 0, 224, 4095, 0, 336, 0, 326
256, 0, 224, 4095, 0, 336, 0, 326
144, 0, 224, 4095, 0, 336, 0, 326
144, 0, 224, 4095, 0, 336, 0, 326
144, 0, 1157, 4095, 0, 336, 0, 326
144, 0, 1157, 4095, 0, 2319, 0, 326
144, 0, 1157, 4095, 0, 2319, 0, 326
144, 0, 1157, 4095, 0, 2319, 0, 326
144, 0, 1157, 4095, 0, 2446, 0, 326
144, 0, 1157, 4095, 0, 2446, 69, 326
144, 0, 1157, 4095, 0, 2446, 69, 376
144, 0, 1157, 0, 0, 2446, 69, 376
144, 0, 1157, 0, 0, 2446, 69, 376
0, 0, 1157, 0, 0, 2446, 69, 376
0, 0, 1157, 0, 0, 2446, 69, 376
0, 0, 1160, 0, 0, 2446, 69, 376
0, 0, 1160, 0, 0, 10, 69, 376
0, 0, 1160, 0, 0, 10, 0, 376
0, 0, 1160, 0, 0, 10, 0, 376
0, 0, 1160, 983, 0, 10, 0, 376
0, 0, 1160, 983, 631, 10, 0, 376
0, 0, 1160, 983, 631, 67, 0, 376
0, 0, 1160, 983, 631, 67, 417, 376
0, 0, 1160, 983, 631, 67, 417, 376
0, 0, 1160, 983, 631, 67, 417, 376
0, 0, 1160, 983, 631, 67, 417, 376
0, 0, 619, 983, 631, 67, 417, 376
0, 0, 619, 113, 631, 67, 417, 376
0, 0, 619, 113, 0, 67, 417, 376
2559, 0, 619, 113, 0, 67, 417, 376
2559, 0, 619, 307, 0, 67, 417, 376
2559, 0, 619, 307, 0, 67, 417, 376
2559, 39, 619, 307, 0, 67, 417, 376
2559, 39, 417, 307, 0, 67, 417, 376
2559, 39, 417, 0, 0, 67, 417, 376
2559, 39, 417, 0, 0, 67, 417, 376
0, 39, 417, 0, 0, 67, 417, 376
0, 0, 417, 0, 0, 67, 417, 376
0, 0, 2354, 0, 0, 67, 417, 376
0, 0, 0, 0, 0, 0, 0, 0
0, 0, 0, 0, 0, 0, 0, 0
0, 0, 2355, 0, 0, 0, 0, 0
0, 0, 2355, 0, 0, 0, 0, 0
0, 0, 2355, 0, 3082, 0, 0, 0
0, 0, 2355, 222, 3082, 0, 0, 0
0, 0, 2355, 222, 57, 0, 0, 0
0, 0, 2355, 222, 57, 0, 0, 0
0, 0, 2355, 222, 57, 0, 0, 0
0, 0, 1908, 222, 57, 0, 0, 0
0, 0, 1908, 4095, 57, 0, 0, 0
0, 0, 1908, 4095, 3062, 0, 0, 0
0, 0, 1908, 4095, 3062, 0, 0, 0
0, 0, 1908, 4095, 3062, 0, 0, 0
0, 0, 330, 4095, 3062, 0, 0, 0
0, 0, 330, 4095, 3062, 0, 0, 0
0, 0, 330, 4095, 3076, 0, 0, 0
0, 0, 330, 4095, 3076, 0, 0, 0
0, 0, 330, 4095, 417, 0, 0, 0
4095, 0, 330, 4095, 417, 0, 0, 0
4095, 4095, 330, 4095, 417, 0, 0, 0
4095, 4095, 173, 4095, 417, 0, 0, 0
4095, 4095, 173, 4095, 417, 0, 0, 0
4095, 4095, 173, 4095, 416, 0, 0, 0
4095, 4095, 173, 4095, 416, 0, 0, 0
4095, 4095, 173, 4095, 3053, 0, 0, 0
4095, 4095, 173, 4095, 3053, 0, 0, 0
4095, 4095, 173, 4095, 3053, 0, 0, 0
4095, 4095, 2356, 4095, 3053, 0, 0, 0
4095, 4095, 2356, 4095, 3053, 0, 0, 0
4095, 4095, 2356, 4095, 416, 0, 0, 0
4095, 4095, 2356, 0, 416, 0, 0, 0
4095, 4095, 2356, 0, 417, 0, 0, 0
4095, 4095, 2356, 0, 417, 0, 0, 0
0, 87, 2356, 0, 417, 0, 0, 0
0, 87, 1773, 0, 417, 0, 0, 0
0, 87, 1773, 4095, 417, 0, 0, 0
0, 87, 1773, 4095, 417, 0, 0, 0
0, 87, 1773, 4095, 417, 0, 0, 0
0, 87, 1773, 4095, 415, 0, 0, 0
234, 87, 1773, 4095, 415, 0, 0, 0
234, 0, 1773, 4095, 415, 0, 0, 0
234, 0, 1182, 4095, 415, 0, 0, 0
234, 0, 1182, 4095, 415, 0, 0, 0
234, 0, 1182, 4095, 415, 0, 0, 0
234, 0, 1182, 4095, 415, 0, 0, 0
234, 0, 1182, 4095, 415, 0, 0, 0
0, 0, 1182, 4095, 415, 0, 0, 0
0, 0, 1182, 4095, 415, 0, 0, 0
0, 0, 416, 4095, 415, 0, 0, 0
0, 0, 416, 4095, 415, 0, 0, 0
0, 0, 416, 4095, 415, 0, 0, 0
0, 0, 416, 4095, 415, 0, 0, 0
0, 0, 416, 4095, 415, 0, 0, 0
208, 0, 416, 4095, 415, 0, 0, 0
208, 0, 416, 4095, 415, 0, 0, 0
208, 0, 228, 4095, 415, 0, 0, 0
208, 0, 228, 4095, 415, 0, 0, 0
208, 0, 228, 4095, 416, 0, 0, 0
4095, 0, 228, 4095, 416, 0, 0, 0
4095, 0, 228, 4095, 416, 0, 0, 0
4095, 0, 416, 4095, 416, 0, 0, 0
4095, 0, 416, 4095, 416, 0, 0, 0
4095, 0, 416, 4095, 416, 0, 0, 0
4095, 0, 416, 2466, 416, 0, 0, 0
4095, 0, 416, 2466, 417, 0, 0, 0
4095, 0, 416, 2466, 417, 0, 0, 0
4095, 0, 416, 2466, 417, 0, 0, 0
4095, 0, 415, 2466, 417, 0, 0, 0
4095, 0, 415, 0, 417, 0, 0, 0
4095, 0, 415, 0, 416, 0, 0, 0
4095, 0, 415, 0, 416, 0, 0, 0
4095, 0, 415, 0, 3063, 0, 0, 0
434, 0, 415, 0, 3063, 0, 0, 0
434, 0, 415, 0, 3063, 0, 0, 0
434, 0, 328, 0, 3063, 0, 0, 0
434, 0, 328, 16, 3063, 0, 0, 0
434, 0, 328, 16, 3037, 0, 0, 0
434, 0, 328, 1034, 3037, 0, 0, 0
434, 0, 328, 1034, 3052, 0, 0, 0
3343, 0, 328, 1034, 3052, 0, 0, 0
3343, 21, 328, 1034, 3052, 0, 0, 0
3343, 21, 1513, 1034, 3052, 0, 0, 0
3343, 21, 1513, 231, 3052, 0, 0, 0
3343, 21, 1513, 231, 3064, 0, 0, 0
3343, 21, 1513, 2064, 3064, 0, 0, 0
3343, 21, 1513, 2064, 416, 0, 0, 0
2753, 21, 1513, 2064, 416, 0, 0, 0
2753, 0, 1513, 2064, 416, 0, 0, 0
2753, 0, 417, 2064, 416, 0, 0, 0
0, 0, 0, 0, 0, 0, 0, 0
0, 0, 0, 0, 3061, 0, 0, 0
0, 0, 0, 0, 3061, 0, 0, 0
0, 0, 0, 0, 3061, 0, 0, 0
0, 0, 1092, 0, 3061, 0, 0, 0
0, 0, 1092, 0, 3061, 0, 0, 0
0, 0, 1092, 0, 3079, 0, 0, 0
756, 0, 1092, 0, 3079, 0, 0, 0
756, 0, 1092, 4095, 3079, 0, 0, 0
756, 0, 1092, 4095, 417, 0, 0, 0
756, 0, 1092, 4095, 417, 0, 0, 0
756, 0, 1223, 4095, 417, 0, 0, 0
756, 0, 1223, 4095, 417, 0, 0, 0
756, 0, 1223, 4095, 3086, 0, 0, 0
1760, 0, 1223, 4095, 3086, 0, 0, 0
1760, 0, 1223, 4095, 3086, 0, 0, 0
1760, 0, 368, 4095, 3086, 0, 0, 0
1760, 0, 368, 4095, 3086, 0, 0, 0
1760, 0, 368, 4095, 417, 0, 0, 0
1760, 0, 368, 4095, 417, 0, 0, 0
1760, 0, 368, 4095, 416, 0, 0, 0
4095, 0, 368, 4095, 416, 0, 0, 0
4095, 4095, 368, 4095, 416, 0, 0, 0
4095, 4095, 1938, 4095, 416, 0, 0, 0
4095, 4095, 1938, 4095, 416, 0, 0, 0
4095, 4095, 1938, 4095, 416, 0, 0, 0
4095, 4095, 1938, 0, 416, 0, 0, 0
4095, 4095, 1938, 0, 3070, 0, 0, 0
0, 4095, 1938, 0, 3070, 0, 0, 0
0, 0, 1938, 0, 3070, 0, 0, 0
0, 0, 1175, 0, 3070, 0, 0, 0
0, 0, 1175, 496, 3070, 0, 0, 0
0, 0, 1175, 496, 417, 0, 0, 0
0, 0, 1175, 4095, 417, 0, 0, 0
0, 0, 1175, 4095, 416, 0, 0, 0
4095, 0, 1175, 4095, 416, 0, 0, 0
4095, 0, 1175, 3638, 416, 0, 0, 0
4095, 0, 1175, 3638, 416, 0, 0, 0
4095, 0, 1175, 3638, 416, 0, 0, 0
4095, 0, 963, 3638, 416, 0, 0, 0
4095, 0, 963, 0, 416, 0, 0, 0
4095, 0, 963, 0, 417, 0, 0, 0
60, 0, 963, 0, 417, 0, 0, 0
60, 0, 963, 0, 417, 0, 0, 0
60, 0, 1347, 0, 417, 0, 0, 0
60, 0, 1347, 0, 417, 0, 0, 0
60, 0, 1347, 0, 417, 0, 0, 0
60, 0, 1347, 0, 417, 0, 0, 0
60, 0, 1347, 0, 415, 0, 0, 0
0, 0, 1347, 0, 415, 0, 0, 0
0, 0, 1347, 0, 415, 0, 0, 0
0, 0, 415, 0, 415, 0, 0, 0
0, 0, 415, 0, 415, 0, 0, 0
0, 0, 415, 0, 120, 0, 0, 0
0, 0, 0, 4095, 0, 0, 0, 0
0, 0, 0, 4095, 59, 0, 0, 0
3619, 0, 0, 4095, 59, 0, 0, 0
3619, 0, 0, 4095, 59, 0, 0, 0
3619, 0, 2360, 4095, 59, 0, 0, 0
3619, 0, 2360, 4095, 59, 0, 0, 0
3619, 0, 2360, 4095, 3073, 0, 0, 0
0, 0, 2360, 4095, 3073, 0, 0, 0
0, 0, 2360, 4095, 3073, 0, 0, 0
0, 0, 2360, 4095, 416, 0, 0, 0
0, 0, 2360, 4095, 416, 0, 0, 0
0, 0, 2360, 4095, 416, 0, 0, 0
0, 0, 2360, 4095, 416, 0, 0, 0
0, 0, 2360, 4095, 3060, 0, 0, 0
511, 0, 2360, 4095, 3060, 0, 0, 0
511, 4095, 2360, 4095, 3060, 0, 0, 0
511, 4095, 416, 4095, 3060, 0, 0, 0
511, 4095, 416, 4095, 3060, 0, 0, 0
511, 4095, 416, 4095, 61, 0, 0, 0
511, 4095, 416, 4095, 61, 0, 0, 0
511, 4095, 416, 4095, 3096, 0, 0, 0
2064, 4095, 416, 4095, 3096, 0, 0, 0
2064, 0, 416, 4095, 3096, 0, 0, 0
2064, 0, 735, 4095, 3096, 0, 0, 0
2064, 0, 735, 4095, 3096, 0, 0, 0
2064, 0, 735, 4095, 417, 0, 0, 0
2064, 0, 735, 229, 417, 0, 0, 0
2064, 0, 735, 229, 62, 0, 0, 0
716, 0, 735, 229, 62, 0, 0, 0
716, 0, 735, 229, 62, 0, 0, 0
716, 0, 2311, 229, 62, 0, 0, 0
716, 0, 2311, 4095, 62, 0, 0, 0
716, 0, 2311, 4095, 416, 0, 0, 0
716, 0, 2311, 4095, 416, 0, 0, 0
716, 0, 2311, 4095, 418, 0, 0, 0
0, 0, 2311, 4095, 418, 0, 0, 0
0, 0, 2311, 4095, 418, 0, 0, 0
0, 0, 748, 4095, 418, 0, 0, 0
0, 0, 748, 4095, 418, 0, 0, 0
0, 0, 748, 4095, 418, 0, 0, 0
0, 0, 748, 4095, 418, 4095, 0, 0
0, 0, 748, 4095, 418, 4095, 720, 0
0, 0, 748, 4095, 418, 4095, 720, 0
0, 0, 748, 0, 418, 4095, 720, 0
0, 0, 748, 0, 418, 4095, 720, 0
0, 0, 748, 0, 418, 4095, 720, 0
0, 0, 2244, 0, 418, 4095, 720, 0
0, 0, 2244, 0, 418, 2193, 720, 0
0, 0, 2244, 0, 418, 2193, 45, 0
0, 0, 2244, 0, 418, 2193, 45, 0
0, 0, 2244, 0, 416, 2193, 45, 0
0, 0, 2244, 4095, 416, 2193, 45, 0
0, 0, 2244, 4095, 416, 2193, 45, 0
0, 0, 2244, 4095, 416, 2193, 45, 0
0, 0, 2244, 4095, 417, 2193, 45, 0
0, 0, 2244, 4095, 417, 2193, 45, 0
0, 0, 2244, 4095, 417, 2193, 45, 0
0, 0, 105, 4095, 417, 2193, 45, 0
0, 0, 105, 4095, 417, 493, 45, 0
0, 0, 105, 4095, 417, 493, 83, 0
0, 0, 105, 4095, 417, 493, 83, 0
0, 0, 105, 87, 417, 493, 83, 0
0, 0, 105, 87, 417, 493, 83, 0
0, 0, 0, 0, 0, 439, 0, 0
0, 0, 0, 0, 0, 439, 33, 0
0, 0, 0, 0, 0, 439, 33, 0
0, 0, 0, 158, 0, 439, 33, 0
0, 0, 0, 158, 329, 439, 33, 0
0, 0, 0, 158, 329, 288, 33, 0
0, 0, 0, 158, 329, 288, 63, 0
0, 0, 0, 158, 329, 288, 63, 0
0, 0, 0, 4095, 329, 288, 63, 0
0, 0, 0, 4095, 417, 288, 63, 0
0, 0, 0, 4095, 417, 288, 63, 0
0, 0, 0, 4095, 417, 288, 63, 0
0, 0, 702, 4095, 417, 288, 63, 0
0, 0, 702, 4095, 417, 429, 63, 0
0, 0, 702, 4095, 417, 429, 47, 0
0, 0, 702, 4095, 417, 429, 47, 0
0, 0, 702, 4095, 417, 429, 47, 0
0, 0, 702, 4095, 417, 429, 47, 0
0, 0, 702, 4095, 417, 420, 47, 0
0, 0, 702, 4095, 417, 420, 42, 0
0, 0, 702, 4095, 417, 420, 42, 0
0, 0, 702, 0, 417, 420, 42, 0
0, 0, 702, 0, 415, 420, 42, 0
87, 0, 702, 0, 415, 420, 42, 0
87, 0, 702, 0, 415, 420, 42, 0
87, 0, 934, 0, 415, 420, 42, 0
87, 0, 934, 0, 415, 983, 42, 0
87, 0, 934, 0, 415, 983, 70, 0
87, 0, 934, 0, 415, 983, 70, 0
87, 0, 934, 4095, 415, 983, 70, 0
87, 0, 934, 4095, 416, 983, 70, 0
87, 0, 934, 4095, 416, 106, 70, 0
87, 0, 934, 4095, 416, 106, 169, 0
87, 0, 934, 4095, 416, 106, 169, 0
87, 0, 934, 4095, 416, 106, 169, 0
87, 0, 934, 4095, 61, 106, 169, 0
0, 0, 934, 4095, 61, 106, 169, 0
0, 0, 934, 4095, 61, 384, 169, 0
0, 879, 934, 4095, 61, 384, 169, 0
0, 879, 268, 4095, 61, 384, 169, 0
0, 879, 268, 4095, 61, 384, 171, 0
0, 879, 268, 4095, 61, 384, 171, 0
0, 879, 268, 4095, 61, 384, 171, 0
0, 879, 268, 4095, 378, 384, 171, 0
0, 879, 268, 4095, 378, 511, 171, 0
4095, 879, 268, 4095, 378, 511, 171, 0
4095, 879, 268, 4095, 378, 511, 171, 0
4095, 0, 268, 4095, 378, 511, 171, 0
4095, 0, 560, 4095, 378, 511, 171, 0
4095, 0, 560, 4095, 380, 511, 171, 0
4095, 0, 560, 4095, 380, 511, 171, 0
4095, 0, 560, 4095, 415, 511, 171, 0
4095, 0, 560, 4095, 415, 511, 171, 0
4095, 791, 560, 4095, 415, 511, 171, 0
4095, 791, 1243, 4095, 415, 511, 171, 0
4095, 791, 1243, 4095, 415, 511, 70, 0
4095, 791, 1243, 4095, 415, 511, 70, 0
4095, 791, 1243, 4095, 415, 337, 70, 0
4095, 791, 1243, 4095, 415, 337, 0, 0
4095, 791, 1243, 4095, 415, 337, 0, 0
4095, 791, 1243, 4095, 415, 351, 0, 0
4095, 791, 1243, 4095, 415, 351, 101, 0
4095, 791, 1243, 4095, 415, 351, 101, 0
4095, 791, 1243, 48, 415, 351, 101, 0
4095, 791, 1243, 48, 298, 351, 101, 0
4095, 791, 1243, 48, 298, 297, 101, 0
4095, 791, 1243, 48, 298, 297, 0, 0
4095, 791, 1243, 48, 298, 297, 0, 0
4095, 791, 1243, 3750, 298, 297, 0, 0
4095, 791, 1243, 3750, 417, 297, 0, 0
4095, 791, 1243, 3750, 417, 0, 0, 0
4095, 791, 1243, 3750, 417, 0, 124, 0
4095, 791, 1243, 3750, 417, 0, 124, 0
1314, 791, 1243, 3750, 417, 0, 124, 0
1314, 0, 1243, 3750, 417, 0, 124, 0
1314, 0, 420, 3750, 417, 0, 124, 0
1314, 0, 420, 0, 417, 0, 124, 0
1314, 0, 420, 0, 377, 0, 124, 0
1314, 0, 420, 0, 377, 3095, 124, 0
1314, 0, 420, 0, 377, 3095, 125, 0
1314, 0, 420, 0, 377, 3095, 125, 0
1314, 0, 420, 4095, 377, 3095, 125, 0
1314, 0, 420, 4095, 407, 3095, 125, 0
1314, 0, 420, 4095, 407, 2668, 125, 0
1314, 0, 420, 4095, 407, 2668, 139, 0
1314, 0, 420, 4095, 407, 2668, 139, 0
3995, 0, 420, 4095, 407, 2668, 139, 0
3995, 0, 420, 4095, 407, 2668, 139, 0
3995, 0, 328, 4095, 407, 2668, 139, 0
3995, 0, 328, 4095, 407, 2668, 139, 0
3995, 0, 328, 4095, 736, 2668, 139, 0
3995, 0, 328, 4095, 736, 320, 139, 0
3995, 0, 328, 4095, 736, 320, 129, 0
3995, 0, 328, 4095, 736, 320, 129, 0
3995, 0, 328, 4095, 736, 320, 129, 0
3995, 0, 328, 4095, 419, 320, 129, 0
3995, 0, 328, 4095, 419, 944, 129, 0
3995, 0, 328, 4095, 419, 944, 2863, 0
3995, 0, 328, 4095, 419, 944, 2863, 0
1166, 0, 328, 4095, 419, 944, 2863, 0
1166, 0, 328, 4095, 419, 944, 2863, 0
1166, 0, 119, 4095, 419, 944, 2863, 0
1166, 0, 119, 166, 419, 944, 2863, 0
1166, 0, 119, 166, 344, 944, 2863, 0
1166, 0, 119, 166, 344, 4095, 2863, 0
1166, 0, 119, 166, 344, 4095, 1974, 0
1166, 0, 119, 166, 344, 4095, 1974, 0
1166, 0, 119, 309, 344, 4095, 1974, 0
1166, 0, 119, 309, 378, 4095, 1974, 0
1166, 0, 119, 309, 378, 935, 1974, 0
1166, 0, 119, 309, 378, 935, 209, 0
1166, 0, 119, 309, 378, 935, 209, 0
1982, 0, 119, 309, 378, 935, 209, 0
1982, 0, 119, 309, 378, 935, 209, 0
1982, 0, 106, 309, 378, 935, 209, 0
1982, 0, 106, 331, 378, 935, 209, 0
1982, 0, 106, 331, 67, 935, 209, 0
1982, 0, 106, 331, 67, 446, 209, 0
1982, 0, 106, 331, 67, 446, 123, 0
1982, 0, 106, 331, 67, 446, 123, 0
1982, 0, 106, 179, 67, 446, 123, 0
1982, 0, 106, 179, 310, 446, 123, 0
0, 0, 106, 179, 310, 446, 123, 0
0, 4095, 106, 179, 310, 446, 123, 0
0, 4095, 1046, 179, 310, 446, 123, 0
0, 4095, 1046, 179, 310, 247, 123, 0
0, 4095, 1046, 179, 310, 247, 114, 0
0, 4095, 1046, 179, 310, 247, 114, 0
0, 4095, 1046, 4095, 310, 247, 114, 0
0, 4095, 1046, 4095, 379, 247, 114, 0
0, 4095, 1046, 4095, 379, 367, 114, 0
0, 4095, 1046, 4095, 379, 367, 37, 0
0, 4095, 1046, 4095, 379, 367, 37, 0
0, 4095, 1046, 4095, 379, 367, 37, 0
0, 4095, 1046, 4095, 415, 367, 37, 0
4095, 4095, 1046, 4095, 415, 367, 37, 0
4095, 4095, 1046, 4095, 415, 367, 37, 0
4095, 4095, 1182, 4095, 415, 367, 37, 0
4095, 4095, 1182, 4095, 415, 236, 37, 0
4095, 4095, 1182, 4095, 415, 236, 0, 0
4095, 4095, 1182, 4095, 415, 236, 0, 0
4095, 4095, 1182, 248, 415, 236, 0, 0
4095, 4095, 1182, 248, 416, 236, 0, 0
4095, 4095, 1182, 248, 416, 56, 0, 0
4095, 4095, 1182, 248, 416, 56, 57, 0
4095, 4095, 1182, 248, 416, 56, 57, 0
4095, 4095, 1182, 991, 416, 56, 57, 0
4095, 4095, 1182, 991, 378, 56, 57, 0
4095, 4095, 1182, 991, 378, 56, 57, 0
4095, 4095, 1182, 991, 378, 56, 57, 0
4095, 4095, 1321, 991, 378, 56, 57, 0
4095, 4095, 1321, 991, 378, 399, 57, 0
4095, 4095, 1321, 991, 378, 399, 64, 0
4095, 4095, 1321, 991, 378, 399, 64, 0
4095, 4095, 1321, 0, 378, 399, 64, 0
4095, 4095, 1321, 0, 3086, 399, 64, 0
0, 0, 0, 156, 0, 0, 0, 0
0, 0, 0, 156, 417, 0, 0, 0
0, 0, 0, 156, 417, 447, 0, 0
0, 0, 0, 156, 417, 447, 35, 0
0, 0, 0, 156, 417, 447, 35, 0
0, 0, 0, 156, 417, 447, 35, 0
0, 0, 0, 156, 417, 447, 35, 0
0, 0, 527, 156, 417, 447, 35, 0
0, 0, 527, 0, 417, 447, 35, 0
0, 0, 527, 0, 415, 447, 35, 0
0, 0, 527, 0, 415, 320, 35, 0
0, 0, 527, 0, 415, 320, 64, 0
0, 0, 527, 0, 415, 320, 64, 0
0, 0, 527, 87, 415, 320, 64, 0
0, 0, 527, 87, 417, 320, 64, 0
0, 0, 527, 87, 417, 432, 64, 0
0, 0, 527, 87, 417, 432, 147, 0
0, 0, 527, 87, 417, 432, 147, 0
0, 0, 527, 87, 417, 432, 147, 0
0, 0, 527, 87, 417, 432, 147, 0
0, 0, 166, 87, 417, 432, 147, 0
0, 0, 166, 354, 417, 432, 147, 0
0, 0, 166, 354, 173, 432, 147, 0
0, 0, 166, 354, 173, 413, 147, 0
0, 0, 166, 354, 173, 413, 62, 0
0, 0, 166, 354, 173, 413, 62, 0
0, 0, 166, 4095, 173, 413, 62, 0
0, 0, 166, 4095, 416, 413, 62, 0
0, 0, 166, 4095, 416, 344, 62, 0
0, 0, 166, 4095, 416, 344, 4, 0
0, 0, 166, 4095, 416, 344, 4, 0
315, 0, 166, 4095, 416, 344, 4, 0
315, 0, 166, 4095, 416, 344, 4, 0
315, 0, 149, 4095, 416, 344, 4, 0
315, 0, 149, 4095, 416, 344, 4, 0
315, 0, 149, 4095, 3082, 344, 4, 0
315, 0, 149, 4095, 3082, 433, 4, 0
315, 0, 149, 4095, 3082, 433, 37, 0
315, 0, 149, 4095, 3082, 433, 37, 0
315, 0, 149, 4095, 3082, 433, 37, 0
315, 0, 149, 4095, 416, 433, 37, 0
0, 0, 149, 4095, 416, 433, 37, 0
0, 0, 149, 4095, 416, 433, 37, 0
0, 0, 1410, 4095, 416, 433, 37, 0
0, 0, 1410, 4095, 416, 419, 37, 0
0, 0, 1410, 4095, 416, 419, 34, 0
0, 0, 1410, 4095, 416, 419, 34, 0
0, 0, 1410, 4095, 416, 419, 34, 0
0, 0, 1410, 4095, 19, 419, 34, 0
0, 0, 1410, 4095, 19, 390, 34, 0
0, 0, 1410, 4095, 19, 390, 0, 0
0, 0, 1410, 4095, 19, 390, 0, 0
0, 0, 1410, 4095, 19, 390, 0, 0
0, 0, 1410, 4095, 801, 390, 0, 0
0, 0, 1410, 4095, 801, 390, 0, 0
0, 0, 1410, 4095, 801, 422, 0, 0
0, 0, 1410, 4095, 801, 422, 0, 0
0, 0, 1273, 4095, 801, 422, 0, 0
0, 0, 1273, 4095, 801, 422, 39, 0
0, 0, 1273, 4095, 801, 422, 39, 0
0, 0, 1273, 4095, 801, 422, 39, 0
0, 0, 1273, 4095, 6, 422, 39, 0
0, 0, 1273, 4095, 6, 324, 39, 0
0, 0, 1273, 4095, 6, 324, 21, 0
0, 0, 1273, 4095, 6, 324, 21, 0
0, 0, 1273, 4095, 6, 324, 21, 0
0, 0, 1273, 4095, 417, 324, 21, 0
0, 0, 1273, 4095, 417, 324, 21, 0
0, 0, 1273, 4095, 417, 324, 21, 0
0, 0, 342, 4095, 417, 324, 21, 0
0, 0, 342, 4095, 417, 446, 21, 0
0, 0, 342, 4095, 417, 446, 53, 0
0, 0, 342, 4095, 417, 446, 53, 0
0, 0, 342, 4095, 417, 446, 53, 0
0, 0, 342, 4095, 379, 446, 53, 0
0, 0, 342, 4095, 379, 413, 53, 0
0, 0, 342, 4095, 379, 413, 67, 0
0, 0, 342, 4095, 379, 413, 67, 0
0, 0, 342, 4095, 379, 413, 67, 0
0, 0, 342, 4095, 2178, 413, 67, 0
0, 0, 342, 4095, 2178, 413, 67, 0
0, 0, 342, 4095, 2178, 413, 67, 0
0, 0, 110, 4095, 2178, 413, 67, 0
0, 0, 110, 4095, 2178, 325, 67, 0
0, 0, 110, 4095, 2178, 325, 18, 0
0, 0, 110, 4095, 2178, 325, 18, 0
0, 0, 110, 4095, 2178, 325, 18, 0
0, 0, 110, 4095, 416, 325, 18, 0
0, 0, 110, 4095, 416, 137, 18, 0
0, 0, 110, 4095, 416, 137, 65, 0
0, 0, 110, 4095, 416, 137, 65, 0
0, 0, 110, 0, 416, 137, 65, 0
0, 0, 110, 0, 405, 137, 65, 0
0, 0, 110, 0, 405, 137, 65, 0
0, 0, 110, 0, 405, 137, 65, 0
0, 0, 328, 0, 405, 137, 65, 0
0, 0, 328, 0, 405, 464, 65, 0
0, 0, 328, 0, 405, 464, 368, 0
0, 0, 328, 0, 405, 464, 368, 0
0, 0, 328, 20, 405, 464, 368, 0
0, 0, 328, 20, 379, 464, 368, 0
0, 0, 328, 20, 379, 4095, 368, 0
0, 0, 328, 20, 379, 4095, 183, 0
0, 0, 328, 20, 379, 4095, 183, 0
0, 0, 328, 0, 379, 4095, 183, 0
0, 0, 328, 0, 415, 4095, 183, 0
0, 0, 328, 0, 415, 4095, 183, 0
0, 0, 328, 0, 415, 4095, 183, 0
0, 0, 416, 0, 415, 4095, 183, 0
0, 0, 416, 0, 415, 4095, 183, 0
0, 0, 416, 0, 415, 4095, 1050, 0
0, 0, 416, 0, 415, 4095, 1050, 0
0, 0, 416, 0, 415, 4095, 1050, 0
0, 0, 416, 0, 3081, 4095, 1050, 0
0, 0, 416, 0, 3081, 4095, 1050, 0
0, 0, 416, 0, 3081, 4095, 224, 0
0, 0, 416, 0, 3081, 4095, 224, 0
0, 0, 416, 0, 3081, 4095, 224, 0
0, 0, 416, 0, 3081, 4095, 224, 0
0, 0, 328, 0, 3081, 4095, 224, 0
0, 0, 328, 0, 3081, 4095, 224, 0
0, 0, 328, 0, 3084, 4095, 224, 0
0, 0, 328, 0, 3084, 4095, 224, 0
0, 0, 328, 0, 3084, 4095, 212, 0
0, 0, 328, 0, 3084, 4095, 212, 0
0, 0, 328, 269, 3084, 4095, 212, 0
0, 0, 328, 269, 61, 4095, 212, 0
0, 0, 328, 269, 61, 4095, 212, 0
0, 0, 328, 269, 61, 4095, 276, 0
0, 0, 328, 269, 61, 4095, 276, 0
0, 0, 328, 269, 61, 4095, 276, 0
0, 0, 328, 269, 61, 4095, 276, 0
0, 0, 174, 269, 61, 4095, 276, 0
0, 0, 174, 0, 61, 4095, 276, 0
0, 0, 174, 0, 415, 4095, 276, 0
0, 0, 174, 0, 415, 4095, 276, 0
0, 0, 174, 0, 415, 4095, 252, 0
0, 0, 174, 0, 415, 4095, 252, 0
0, 0, 174, 96, 415, 4095, 252, 0
0, 0, 174, 96, 378, 4095, 252, 0
0, 0, 174, 96, 378, 425, 252, 0
0, 0, 174, 96, 378, 425, 148, 0
0, 0, 174, 96, 378, 425, 148, 0
560, 0, 174, 96, 378, 425, 148, 0
560, 0, 174, 96, 378, 425, 148, 0
560, 0, 328, 96, 378, 425, 148, 0
560, 0, 328, 4095, 378, 425, 148, 0
560, 0, 328, 4095, 2297, 425, 148, 0
560, 0, 328, 4095, 2297, 176, 148, 0
560, 0, 328, 4095, 2297, 176, 0, 0
560, 0, 328, 4095, 2297, 176, 0, 0
560, 0, 328, 4095, 2297, 176, 0, 0
560, 0, 328, 4095, 415, 176, 0, 0
560, 0, 328, 4095, 415, 727, 0, 0
560, 0, 328, 4095, 415, 727, 6, 0
560, 0, 328, 4095, 415, 727, 6, 0
0, 0, 328, 4095, 415, 727, 6, 0
0, 0, 328, 4095, 415, 727, 6, 0
0, 0, 300, 4095, 415, 727, 6, 0
0, 0, 300, 4095, 415, 727, 6, 0
0, 0, 300, 4095, 825, 727, 6, 0
0, 0, 300, 4095, 825, 288, 6, 0
0, 0, 300, 4095, 825, 288, 33, 0
0, 0, 300, 4095, 825, 288, 33, 0
0, 0, 300, 4095, 825, 288, 33, 0
0, 0, 300, 4095, 330, 288, 33, 0
0, 0, 300, 4095, 330, 374, 33, 0
0, 0, 300, 4095, 330, 374, 33, 0
0, 0, 300, 4095, 330, 374, 55, 0
0, 0, 300, 4095, 330, 374, 55, 0
0, 0, 300, 4095, 330, 374, 55, 0
0, 0, 300, 4095, 61, 374, 55, 0
0, 0, 300, 4095, 61, 374, 55, 0
0, 0, 266, 4095, 61, 374, 55, 0
0, 0, 266, 4095, 61, 272, 55, 0
0, 0, 266, 4095, 61, 272, 26, 0
0, 0, 266, 4095, 61, 272, 26, 0
0, 0, 266, 4095, 61, 272, 26, 0
0, 0, 266, 4095, 377, 272, 26, 0
0, 0, 266, 4095, 377, 272, 26, 0
0, 0, 266, 4095, 377, 272, 26, 0
0, 0, 162, 4095, 377, 272, 26, 0
0, 0, 162, 4095, 377, 348, 26, 0
0, 0, 162, 4095, 377, 348, 50, 0
0, 0, 162, 4095, 377, 348, 50, 0
0, 0, 162, 4095, 377, 348, 50, 0
0, 0, 162, 4095, 418, 348, 50, 0
0, 0, 162, 4095, 418, 304, 50, 0
0, 0, 162, 4095, 418, 304, 22, 0
0, 0, 162, 4095, 418, 304, 22, 0
0, 0, 162, 4095, 418, 304, 22, 0
0, 0, 162, 4095, 416, 304, 22, 0
0, 0, 162, 4095, 416, 304, 22, 0
0, 0, 162, 4095, 416, 304, 22, 0
0, 0, 762, 4095, 416, 304, 22, 0
0, 0, 762, 4095, 416, 336, 22, 0
0, 0, 762, 4095, 416, 336, 28, 0
0, 0, 762, 4095, 416, 336, 28, 0
0, 0, 762, 4095, 416, 336, 28, 0
0, 0, 762, 4095, 417, 336, 28, 0
0, 0, 762, 4095, 417, 235, 28, 0
0, 0, 762, 4095, 417, 235, 16, 0
0, 0, 762, 4095, 417, 235, 16, 0
0, 0, 762, 4095, 417, 235, 16, 0
0, 0, 762, 4095, 686, 235, 16, 0
0, 0, 762, 4095, 686, 235, 16, 0
0, 0, 762, 4095, 686, 235, 16, 0
0, 0, 326, 4095, 686, 235, 16, 0
0, 0, 326, 4095, 686, 362, 16, 0
0, 0, 326, 4095, 686, 362, 46, 0
0, 0, 326, 4095, 686, 362, 46, 0
0, 0, 326, 3191, 686, 362, 46, 0
0, 0, 326, 3191, 419, 362, 46, 0
0, 0, 326, 3191, 419, 418, 46, 0
0, 0, 326, 3191, 419, 418, 236, 0
0, 0, 326, 3191, 419, 418, 236, 0
0, 0, 326, 0, 419, 418, 236, 0
0, 0, 326, 0, 417, 418, 236, 0
0, 0, 326, 0, 417, 418, 236, 0
0, 0, 326, 0, 417, 418, 236, 0
0, 0, 326, 0, 417, 418, 236, 0
0, 0, 326, 0, 417, 416, 236, 0
0, 0, 326, 0, 417, 416, 43, 0
0, 0, 326, 0, 417, 416, 43, 0
0, 0, 326, 130, 417, 416, 43, 0
0, 0, 326, 130, 416, 416, 43, 0
0, 0, 326, 130, 416, 393, 43, 0
0, 0, 326, 130, 416, 393, 45, 0
0, 0, 326, 130, 416, 393, 45, 0
0, 0, 326, 242, 416, 393, 45, 0
0, 0, 326, 242, 61, 393, 45, 0
0, 0, 326, 242, 61, 393, 45, 0
0, 0, 326, 242, 61, 393, 45, 0
0, 0, 151, 242, 61, 393, 45, 0
0, 0, 151, 242, 61, 96, 45, 0
0, 0, 151, 242, 61, 96, 11, 0
0, 0, 151, 242, 61, 96, 11, 0
0, 0, 151, 99, 61, 96, 11, 0
0, 0, 151, 99, 415, 96, 11, 0
0, 0, 151, 99, 415, 4095, 11, 0
0, 0, 151, 99, 415, 4095, 1115, 0
0, 0, 151, 99, 415, 4095, 1115, 0
950, 0, 151, 99, 415, 4095, 1115, 0
950, 0, 151, 0, 415, 4095, 1115, 0
950, 0, 151, 0, 417, 4095, 1115, 0
950, 129, 151, 0, 417, 4095, 1115, 0
950, 129, 192, 0, 417, 4095, 1115, 0
950, 129, 192, 0, 417, 4095, 1115, 0
950, 129, 192, 0, 417, 4095, 182, 0
950, 129, 192, 0, 417, 4095, 182, 0
950, 129, 192, 0, 417, 4095, 182, 0
950, 129, 192, 0, 415, 4095, 182, 0
950, 129, 192, 0, 415, 4095, 182, 0
950, 129, 192, 0, 415, 4095, 540, 0
950, 129, 192, 0, 415, 4095, 540, 0
0, 129, 192, 0, 415, 4095, 540, 0
0, 33, 192, 0, 415, 4095, 540, 0
0, 33, 326, 0, 415, 4095, 540, 0
0, 33, 326, 2559, 415, 4095, 540, 0
0, 33, 326, 2559, 415, 4095, 540, 0
0, 33, 326, 2559, 415, 4095, 540, 0
0, 33, 326, 2559, 415, 4095, 283, 0
0, 33, 326, 2559, 415, 4095, 283, 0
0, 33, 326, 4095, 415, 4095, 283, 0
0, 33, 326, 4095, 416, 4095, 283, 0
0, 33, 326, 4095, 416, 4095, 283, 0
0, 33, 326, 4095, 416, 4095, 251, 0
0, 33, 326, 4095, 416, 4095, 251, 0
0, 33, 326, 4095, 416, 4095, 251, 0
0, 0, 326, 4095, 416, 4095, 251, 0
0, 0, 104, 4095, 416, 4095, 251, 0
0, 0, 104, 4095, 416, 4095, 251, 0
0, 0, 104, 4095, 415, 4095, 251, 0
0, 0, 104, 4095, 415, 4095, 251, 0
0, 0, 104, 4095, 415, 4095, 256, 0
0, 0, 104, 4095, 415, 4095, 256, 0
0, 0, 104, 4095, 415, 4095, 256, 0
0, 0, 104, 4095, 379, 4095, 256, 0
0, 0, 104, 4095, 379, 4095, 256, 0
0, 0, 104, 4095, 379, 4095, 241, 0
0, 0, 104, 4095, 379, 4095, 241, 0
0, 0, 104, 4095, 379, 4095, 241, 0
0, 0, 104, 4095, 379, 4095, 241, 0
0, 0, 193, 4095, 379, 4095, 241, 0
0, 0, 193, 4095, 379, 4095, 241, 0
0, 0, 193, 4095, 415, 4095, 241, 0
0, 0, 193, 4095, 415, 267, 241, 0
0, 0, 193, 4095, 415, 267, 15, 0
0, 0, 193, 4095, 415, 267, 15, 0
0, 0, 193, 4095, 415, 267, 15, 0
0, 0, 193, 4095, 379, 267, 15, 0
0, 0, 193, 4095, 379, 590, 15, 0
0, 0, 193, 4095, 379, 590, 42, 0
0, 0, 193, 4095, 379, 590, 42, 0
0, 0, 193, 4095, 379, 590, 42, 0
0, 0, 193, 4095, 379, 590, 42, 0
0, 0, 790, 4095, 379, 590, 42, 0
0, 0, 790, 4095, 379, 590, 42, 0
0, 0, 790, 4095, 418, 590, 42, 0
0, 0, 790, 4095, 418, 833, 42, 0
0, 0, 790, 4095, 418, 833, 44, 0
0, 0, 790, 4095, 418, 833, 44, 0
0, 0, 790, 4095, 418, 833, 44, 0
0, 0, 790, 4095, 679, 833, 44, 0
0, 0, 790, 4095, 679, 4095, 44, 0
0, 0, 790, 4095, 679, 4095, 317, 0
0, 0, 790, 4095, 679, 4095, 317, 0
0, 0, 790, 4095, 679, 4095, 317, 0
0, 0, 790, 4095, 679, 4095, 317, 0
0, 0, 1270, 4095, 679, 4095, 317, 0
0, 0, 1270, 4095, 679, 4095, 317, 0
0, 0, 1270, 4095, 2153, 4095, 317, 0
0, 0, 1270, 4095, 2153, 528, 317, 0
0, 0, 1270, 4095, 2153, 528, 43, 0
0, 0, 1270, 4095, 2153, 528, 43, 0
0, 0, 1270, 4095, 2153, 528, 43, 0
0, 0, 1270, 4095, 416, 528, 43, 0
0, 0, 1270, 4095, 416, 4095, 43, 0
0, 0, 1270, 4095, 416, 4095, 239, 0
0, 0, 1270, 4095, 416, 4095, 239, 0
0, 0, 1270, 4095, 416, 4095, 239, 0
0, 0, 1270, 4095, 416, 4095, 239, 0
0, 0, 1317, 4095, 416, 4095, 239, 0
0, 0, 1317, 1963, 416, 4095, 239, 0
0, 0, 1317, 1963, 416, 4095, 239, 0
0, 0, 1317, 1963, 416, 4095, 239, 0
0, 0, 1317, 1963, 416, 4095, 382, 0
0, 0, 1317, 1963, 416, 4095, 382, 0
0, 0, 1317, 0, 416, 4095, 382, 0
0, 0, 1317, 0, 110, 4095, 382, 0
0, 0, 1317, 0, 110, 1425, 382, 0
0, 0, 1317, 0, 110, 1425, 336, 0
0, 0, 1317, 0, 110, 1425, 336, 0
0, 0, 1317, 0, 110, 1425, 336, 0
0, 0, 1317, 0, 110, 1425, 336, 0
0, 0, 327, 0, 110, 1425, 336, 0
0, 0, 327, 326, 110, 1425, 336, 0
0, 0, 327, 326, 157, 1425, 336, 0
0, 0, 327, 326, 157, 393, 336, 0
0, 0, 327, 326, 157, 393, 0, 0
0, 0, 327, 326, 157, 393, 0, 0
0, 0, 327, 0, 157, 393, 0, 0
0, 0, 327, 0, 417, 393, 0, 0
0, 0, 327, 0, 417, 613, 0, 0
0, 0, 327, 0, 417, 613, 48, 0
0, 0, 327, 0, 417, 613, 48, 0
0, 0, 327, 0, 417, 613, 48, 0
0, 0, 327, 0, 417, 613, 48, 0
0, 0, 255, 0, 417, 613, 48, 0
0, 0, 255, 32, 417, 613, 48, 0
0, 0, 255, 32, 3083, 613, 48, 0
0, 0, 255, 32, 3083, 339, 48, 0
0, 0, 255, 32, 3083, 339, 48, 0
0, 0, 255, 32, 3083, 339, 48, 0
0, 0, 255, 218, 3083, 339, 48, 0
0, 0, 255, 218, 2876, 339, 48, 0
0, 0, 255, 218, 2876, 377, 48, 0
0, 0, 255, 218, 2876, 377, 32, 0
0, 0, 255, 218, 2876, 377, 32, 0
0, 0, 255, 218, 2876, 377, 32, 0
0, 0, 255, 218, 2876, 377, 32, 0
0, 0, 388, 218, 2876, 377, 32, 0
0, 0, 388, 0, 2876, 377, 32, 0
0, 0, 388, 0, 416, 377, 32, 0
0, 0, 388, 0, 416, 191, 32, 0
0, 0, 388, 0, 416, 191, 18, 0
0, 0, 388, 0, 416, 191, 18, 0
0, 0, 388, 16, 416, 191, 18, 0
0, 0, 388, 16, 196, 191, 18, 0
0, 0, 388, 16, 196, 1401, 18, 0
0, 0, 388, 16, 196, 1401, 60, 0
0, 0, 388, 16, 196, 1401, 60, 0
3329, 0, 388, 16, 196, 1401, 60, 0
3329, 0, 388, 16, 196, 1401, 60, 0
3329, 0, 255, 16, 196, 1401, 60, 0
3329, 0, 255, 64, 196, 1401, 60, 0
3329, 0, 255, 64, 2477, 1401, 60, 0
3329, 0, 255, 64, 2477, 297, 60, 0
3329, 0, 255, 64, 2477, 297, 9, 0
3329, 0, 255, 64, 2477, 297, 9, 0
3329, 0, 255, 0, 2477, 297, 9, 0
3329, 0, 255, 0, 378, 297, 9, 0
4095, 0, 255, 0, 378, 297, 9, 0
4095, 0, 255, 0, 378, 933, 9, 0
4095, 0, 255, 0, 378, 933, 53, 0
4095, 0, 255, 0, 378, 933, 53, 0
4095, 4095, 255, 0, 378, 933, 53, 0
4095, 4095, 1157, 0, 378, 933, 53, 0
4095, 4095, 1157, 62, 378, 933, 53, 0
4095, 4095, 1157, 62, 416, 933, 53, 0
4095, 4095, 1157, 62, 416, 327, 53, 0
4095, 4095, 1157, 62, 416, 327, 126, 0
4095, 4095, 1157, 62, 416, 327, 126, 0
0, 0, 0, 0, 0, 432, 0, 0
0, 0, 0, 0, 0, 432, 0, 0
0, 0, 0, 0, 0, 432, 0, 0
0, 0, 0, 0, 0, 432, 0, 0
0, 0, 0, 0, 0, 432, 0, 0
0, 0, 0, 0, 0, 467, 0, 0
0, 0, 0, 0, 0, 467, 39, 0
0, 0, 0, 0, 0, 467, 39, 0
923, 0, 0, 0, 0, 467, 39, 0
923, 0, 0, 0, 0, 467, 39, 0
923, 0, 2366, 0, 0, 467, 39, 0
923, 0, 2366, 0, 0, 467, 39, 0
923, 0, 2366, 0, 0, 467, 39, 0
923, 0, 2366, 0, 0, 4095, 39, 0
923, 0, 2366, 0, 0, 4095, 3835, 0
923, 0, 2366, 0, 0, 4095, 3835, 0
115, 0, 2366, 0, 0, 4095, 3835, 0
115, 0, 2366, 0, 0, 4095, 3835, 0
115, 0, 774, 0, 0, 4095, 3835, 0
115, 0, 774, 0, 0, 4095, 3835, 0
115, 0, 774, 0, 0, 4095, 358, 0
115, 0, 774, 0, 0, 4095, 358, 0
115, 0, 774, 54, 0, 4095, 358, 0
115, 0, 774, 54, 0, 4095, 358, 0
115, 0, 774, 54, 0, 4095, 358, 0
115, 0, 774, 54, 0, 4095, 496, 0
115, 0, 774, 54, 0, 4095, 496, 0
115, 0, 774, 321, 0, 4095, 496, 0
115, 0, 774, 321, 0, 4095, 496, 0
0, 0, 774, 321, 0, 4095, 496, 0
0, 0, 774, 321, 0, 4095, 496, 0
0, 0, 2366, 321, 0, 4095, 496, 0
0, 0, 2366, 321, 0, 4095, 496, 0
0, 0, 2366, 321, 0, 4095, 647, 0
0, 0, 2366, 321, 0, 4095, 647, 0
0, 0, 2366, 321, 0, 4095, 647, 0
0, 0, 2366, 321, 0, 4095, 430, 0
0, 0, 2366, 321, 0, 4095, 430, 0
0, 0, 2366, 221, 0, 4095, 430, 0
0, 0, 2366, 221, 0, 4095, 430, 0
18, 0, 2366, 221, 0, 4095, 430, 0
18, 0, 2366, 221, 0, 4095, 430, 0
18, 0, 2365, 221, 0, 4095, 430, 0
18, 0, 2365, 221, 0, 4095, 430, 0
18, 0, 2365, 221, 0, 4095, 325, 0
18, 0, 2365, 221, 0, 4095, 325, 0
0, 0, 0, 0, 0, 0, 0, 0
0, 0, 0, 0, 0, 0, 0, 0
0, 0, 1303, 0, 0, 0, 0, 0
0, 0, 1303, 0, 0, 511, 0, 0
0, 0, 1303, 0, 0, 511, 0, 0
0, 0, 1303, 0, 0, 511, 0, 0
0, 0, 1303, 559, 0, 511, 0, 0
0, 0, 1303, 559, 0, 511, 0, 0
0, 0, 1303, 559, 0, 2082, 0, 0
0, 0, 1303, 559, 0, 2082, 116, 0
0, 0, 1303, 559, 0, 2082, 116, 0
0, 0, 1303, 559, 0, 2082, 116, 0
0, 0, 1303, 559, 0, 2082, 116, 0
0, 0, 1150, 559, 0, 2082, 116, 0
0, 0, 1150, 0, 0, 2082, 116, 0
0, 0, 1150, 0, 0, 2082, 116, 0
0, 0, 1150, 0, 0, 612, 116, 0
0, 0, 1150, 0, 0, 612, 65, 0
0, 0, 1150, 0, 0, 612, 65, 0
0, 0, 1150, 4095, 0, 612, 65, 0
0, 0, 1150, 4095, 0, 612, 65, 0
0, 0, 1150, 4095, 0, 510, 65, 0
0, 0, 1150, 4095, 0, 510, 55, 0
0, 0, 1150, 4095, 0, 510, 55, 0
1373, 0, 1150, 4095, 0, 510, 55, 0
1373, 0, 1150, 4095, 0, 510, 55, 0
1373, 0, 1152, 4095, 0, 510, 55, 0
1373, 0, 1152, 4095, 0, 510, 55, 0
1373, 0, 1152, 4095, 0, 510, 55, 0
1373, 0, 1152, 4095, 0, 275, 55, 0
1373, 0, 1152, 4095, 0, 275, 0, 0
1373, 0, 1152, 4095, 0, 275, 0, 0
1373, 0, 1152, 4095, 0, 275, 0, 0
1373, 0, 1152, 4095, 0, 275, 0, 0
1373, 0, 1152, 4095, 0, 527, 0, 0
1373, 0, 1152, 4095, 0, 527, 93, 0
1373, 0, 1152, 4095, 0, 527, 93, 0
0, 0, 1152, 4095, 0, 527, 93, 0
0, 0, 1152, 4095, 0, 527, 93, 0
0, 0, 365, 4095, 0, 527, 93, 0
0, 0, 365, 4095, 0, 527, 93, 0
0, 0, 365, 4095, 0, 2008, 93, 0
0, 0, 365, 4095, 0, 2008, 93, 0
0, 0, 365, 4095, 0, 2008, 101, 0
0, 0, 365, 4095, 0, 2008, 101, 0
0, 0, 365, 4095, 0, 333, 101, 0
0, 0, 365, 4095, 0, 333, 13, 0
0, 0, 365, 4095, 0, 333, 13, 0
4095, 0, 365, 4095, 0, 333, 13, 0
4095, 0, 365, 4095, 0, 333, 13, 0
4095, 0, 1952, 4095, 0, 333, 13, 0
4095, 0, 1952, 4095, 0, 333, 13, 0
4095, 0, 1952, 4095, 0, 333, 13, 0
4095, 0, 1952, 4095, 0, 1532, 13, 0
4095, 0, 1952, 4095, 0, 1532, 94, 0
4095, 0, 1952, 4095, 0, 1532, 94, 0
4095, 0, 1952, 1088, 0, 1532, 94, 0
4095, 0, 1952, 1088, 0, 1532, 94, 0
4095, 0, 1952, 1088, 0, 511, 94, 0
4095, 0, 1952, 1088, 0, 511, 48, 0
4095, 0, 1952, 1088, 0, 511, 48, 0
4095, 0, 1952, 1088, 0, 511, 48, 0
4095, 0, 1952, 1088, 0, 511, 48, 0
4095, 0, 417, 1088, 0, 511, 48, 0
4095, 0, 417, 1088, 0, 448, 48, 0
4095, 0, 417, 1088, 0, 448, 48, 0
4095, 0, 417, 1088, 0, 448, 48, 0
4095, 0, 417, 0, 0, 448, 48, 0
4095, 0, 417, 0, 0, 448, 48, 0
4095, 0, 417, 0, 0, 451, 48, 0
4095, 0, 417, 0, 0, 451, 256, 0
4095, 0, 417, 0, 0, 451, 256, 0
4095, 0, 417, 0, 0, 451, 256, 0
4095, 0, 417, 0, 0, 451, 256, 0
4095, 0, 437, 0, 0, 451, 256, 0
4095, 0, 437, 4095, 0, 451, 256, 0
4095, 0, 437, 4095, 0, 451, 256, 0
4095, 0, 437, 4095, 0, 496, 256, 0
4095, 0, 437, 4095, 0, 496, 112, 0
4095, 0, 437, 4095, 0, 496, 112, 0
4095, 0, 437, 3534, 0, 496, 112, 0
4095, 0, 437, 3534, 0, 496, 112, 0
4095, 0, 437, 3534, 0, 208, 112, 0
4095, 0, 437, 3534, 0, 208, 13, 0
4095, 0, 437, 3534, 0, 208, 13, 0
2659, 0, 437, 3534, 0, 208, 13, 0
2659, 0, 437, 3534, 0, 208, 13, 0
2659, 0, 174, 3534, 0, 208, 13, 0
2659, 0, 174, 0, 0, 208, 13, 0
2659, 0, 174, 0, 0, 208, 13, 0
2659, 0, 174, 0, 0, 178, 13, 0
2659, 0, 174, 0, 0, 178, 289, 0
2659, 0, 174, 0, 0, 178, 289, 0
2659, 0, 174, 4095, 0, 178, 289, 0
2659, 0, 174, 4095, 0, 178, 289, 0
4095, 0, 174, 4095, 0, 178, 289, 0
4095, 262, 174, 4095, 0, 178, 289, 0
4095, 262, 126, 4095, 0, 178, 289, 0
4095, 262, 126, 4095, 0, 4095, 289, 0
4095, 262, 126, 4095, 0, 4095, 87, 0
4095, 262, 126, 4095, 0, 4095, 87, 0
4095, 262, 126, 0, 0, 4095, 87, 0
4095, 262, 126, 0, 0, 4095, 87, 0
4095, 262, 126, 0, 0, 3045, 87, 0
4095, 262, 126, 0, 0, 3045, 1148, 0
4095, 262, 126, 0, 0, 3045, 1148, 0
3408, 262, 126, 0, 0, 3045, 1148, 0
3408, 262, 126, 0, 0, 3045, 1148, 0
3408, 262, 126, 0, 0, 3045, 1148, 0
3408, 262, 126, 0, 0, 2210, 1148, 0
3408, 154, 126, 0, 0, 2210, 1148, 0
3408, 154, 764, 0, 0, 2210, 1148, 0
3408, 154, 764, 0, 0, 2210, 101, 0
3408, 154, 764, 0, 0, 2210, 101, 0
3408, 154, 764, 0, 0, 1427, 101, 0
3408, 154, 764, 0, 0, 1427, 84, 0
3408, 154, 764, 0, 0, 1427, 84, 0
3408, 154, 764, 2851, 0, 1427, 84, 0
3408, 154, 764, 2851, 0, 1427, 84, 0
3187, 154, 764, 2851, 0, 1427, 84, 0
3187, 0, 764, 2851, 0, 1427, 84, 0
3187, 0, 1572, 2851, 0, 1427, 84, 0
3187, 0, 1572, 2851, 0, 454, 84, 0
3187, 0, 1572, 2851, 0, 454, 0, 0
3187, 0, 1572, 2851, 0, 454, 0, 0
3187, 0, 1572, 1310, 0, 454, 0, 0
3187, 0, 1572, 1310, 0, 454, 0, 0
3187, 0, 1572, 1310, 0, 612, 0, 0
3187, 0, 1572, 1310, 0, 612, 6, 0
3187, 0, 1572, 1310, 0, 612, 6, 0
3187, 0, 1572, 1007, 0, 612, 6, 0
3187, 0, 1572, 1007, 0, 612, 6, 0
2859, 0, 1572, 1007, 0, 612, 6, 0
2859, 0, 1572, 1007, 0, 612, 6, 0
2859, 0, 2367, 1007, 0, 612, 6, 0
2859, 0, 2367, 1007, 0, 720, 6, 0
2859, 0, 2367, 1007, 0, 720, 3, 0
2859, 0, 2367, 1007, 0, 720, 3, 0
2859, 0, 2367, 1007, 0, 4095, 3, 0
2859, 0, 2367, 1007, 0, 4095, 170, 0
2859, 0, 2367, 1007, 0, 4095, 170, 0
2859, 0, 2367, 882, 0, 4095, 170, 0
2859, 0, 2367, 882, 0, 4095, 170, 0
2592, 0, 2367, 882, 0, 4095, 170, 0
2592, 0, 2367, 882, 0, 4095, 170, 0
2592, 0, 417, 882, 0, 4095, 170, 0
0, 0, 0, 0, 0, 0, 0, 0
0, 0, 0, 0, 0, 0, 0, 0
0, 0, 274, 0, 0, 0, 0, 0
0, 0, 274, 0, 0, 0, 0, 0
0, 0, 274, 0, 0, 646, 0, 0
0, 0, 274, 0, 3074, 646, 0, 0
0, 0, 274, 0, 3074, 646, 86, 0
0, 0, 274, 0, 3074, 646, 86, 0
0, 0, 274, 145, 3074, 646, 86, 0
0, 0, 274, 145, 418, 646, 86, 0
0, 0, 274, 145, 418, 452, 86, 0
0, 0, 274, 145, 418, 452, 50, 0
0, 0, 274, 145, 418, 452, 50, 0
0, 0, 274, 145, 418, 452, 50, 0
0, 0, 274, 145, 418, 452, 50, 0
0, 0, 123, 145, 418, 452, 50, 0
0, 0, 123, 176, 418, 452, 50, 0
0, 0, 123, 176, 418, 315, 50, 0
0, 0, 123, 176, 418, 315, 43, 0
0, 0, 123, 176, 418, 315, 43, 0
0, 0, 123, 176, 378, 315, 43, 0
0, 0, 123, 176, 378, 668, 43, 0
0, 0, 123, 176, 378, 668, 83, 0
0, 0, 123, 176, 378, 668, 83, 0
0, 0, 123, 4095, 378, 668, 83, 0
0, 0, 123, 4095, 156, 668, 83, 0
18, 0, 123, 4095, 156, 668, 83, 0
18, 0, 123, 4095, 156, 668, 83, 0
18, 0, 1175, 4095, 156, 668, 83, 0
18, 0, 1175, 4095, 156, 668, 83, 0
18, 0, 1175, 4095, 416, 668, 83, 0
18, 0, 1175, 4095, 416, 429, 83, 0
18, 0, 1175, 4095, 416, 429, 44, 0
18, 0, 1175, 4095, 416, 429, 44, 0
18, 0, 1175, 4095, 416, 447, 44, 0
18, 0, 1175, 4095, 416, 447, 37, 0
18, 0, 1175, 4095, 416, 447, 37, 0
18, 0, 1175, 4095, 416, 447, 37, 0
18, 0, 1175, 4095, 2, 447, 37, 0
0, 0, 1175, 4095, 2, 447, 37, 0
0, 0, 1175, 4095, 2, 646, 37, 0
0, 0, 1175, 4095, 2, 646, 0, 0
0, 0, 1175, 4095, 2, 646, 0, 0
0, 0, 1175, 4095, 2, 646, 0, 0
0, 0, 2365, 4095, 2, 646, 0, 0
0, 0, 2365, 4095, 2, 646, 0, 0
0, 0, 2365, 4095, 0, 646, 0, 0
0, 0, 2365, 4095, 0, 358, 0, 0
0, 0, 2365, 4095, 0, 358, 23, 0
0, 0, 2365, 4095, 0, 358, 23, 0
4095, 0, 2365, 4095, 0, 358, 23, 0
4095, 38, 2365, 4095, 0, 358, 23, 0
4095, 38, 1775, 4095, 0, 358, 23, 0
4095, 38, 1775, 4095, 0, 624, 23, 0
4095, 38, 1775, 4095, 0, 624, 89, 0
4095, 38, 1775, 4095, 0, 624, 89, 0
4095, 38, 1775, 4095, 0, 624, 89, 0
4095, 38, 1775, 4095, 0, 624, 89, 0
4095, 38, 1775, 4095, 0, 647, 89, 0
4095, 38, 1775, 4095, 0, 647, 83, 0
4095, 38, 1775, 4095, 0, 647, 83, 0
4095, 38, 1775, 4095, 0, 647, 83, 0
4095, 0, 1775, 4095, 0, 647, 83, 0
4095, 0, 1245, 4095, 0, 647, 83, 0
4095, 0, 1245, 694, 0, 647, 83, 0
4095, 0, 1245, 694, 418, 647, 83, 0
4095, 0, 1245, 694, 418, 1264, 83, 0
4095, 0, 1245, 694, 418, 1264, 115, 0
4095, 0, 1245, 694, 418, 1264, 115, 0
4095, 0, 1245, 694, 418, 1555, 115, 0
4095, 0, 1245, 694, 418, 1555, 128, 0
4095, 0, 1245, 694, 418, 1555, 128, 0
4095, 0, 1245, 4095, 418, 1555, 128, 0
4095, 0, 1245, 4095, 0, 1555, 128, 0
4095, 0, 1245, 4095, 0, 1555, 128, 0
4095, 0, 1245, 4095, 0, 272, 128, 0
4095, 0, 1245, 4095, 0, 272, 208, 0
4095, 0, 1245, 4095, 0, 272, 208, 0
4095, 4043, 1245, 4095, 0, 272, 208, 0
4095, 4043, 1159, 4095, 0, 272, 208, 0
4095, 4043, 1159, 4095, 0, 272, 208, 0
4095, 4043, 1159, 4095, 0, 272, 208, 0
4095, 4043, 1159, 4095, 0, 2239, 208, 0
4095, 4043, 1159, 4095, 0, 2239, 114, 0
4095, 4043, 1159, 4095, 0, 2239, 114, 0
4095, 4043, 1159, 4095, 0, 2239, 114, 0
4095, 0, 1159, 4095, 0, 2239, 114, 0
4095, 0, 317, 4095, 0, 2239, 114, 0
4095, 0, 317, 2800, 0, 2239, 114, 0
4095, 0, 317, 2800, 418, 2239, 114, 0
4095, 0, 317, 2800, 418, 1107, 114, 0
4095, 0, 317, 2800, 418, 1107, 89, 0
4095, 0, 317, 2800, 418, 1107, 89, 0
4095, 0, 317, 2800, 418, 4095, 89, 0
4095, 0, 317, 2800, 418, 4095, 145, 0
4095, 0, 317, 2800, 418, 4095, 145, 0
2634, 0, 317, 2800, 418, 4095, 145, 0
2634, 5, 317, 2800, 418, 4095, 145, 0
2634, 5, 163, 2800, 418, 4095, 145, 0
2634, 5, 163, 599, 418, 4095, 145, 0
2634, 5, 163, 599, 0, 4095, 145, 0
2634, 5, 163, 599, 0, 4095, 145, 0
2634, 5, 163, 599, 0, 4095, 197, 0
2634, 5, 163, 599, 0, 4095, 197, 0
2634, 5, 163, 15, 0, 4095, 197, 0
2634, 5, 163, 15, 0, 4095, 197, 0
2634, 5, 163, 15, 0, 4095, 197, 0
2634, 5, 163, 15, 0, 4095, 246, 0
2634, 5, 163, 15, 0, 4095, 246, 0
1557, 5, 163, 15, 0, 4095, 246, 0
1557, 0, 163, 15, 0, 4095, 246, 0
1557, 0, 650, 15, 0, 4095, 246, 0
1557, 0, 650, 15, 0, 3199, 246, 0
1557, 0, 650, 15, 0, 3199, 0, 0
1557, 0, 650, 15, 0, 3199, 0, 0
1557, 0, 650, 183, 0, 3199, 0, 0
1557, 0, 650, 183, 0, 3199, 0, 0
1557, 0, 650, 183, 0, 608, 0, 0
1557, 0, 650, 183, 0, 608, 79, 0
1557, 0, 650, 183, 0, 608, 79, 0
560, 0, 650, 183, 0, 608, 79, 0
560, 0, 650, 183, 0, 608, 79, 0
560, 0, 107, 183, 0, 608, 79, 0
560, 0, 107, 183, 0, 536, 79, 0
560, 0, 107, 183, 0, 536, 141, 0
560, 0, 107, 183, 0, 536, 141, 0
560, 0, 107, 0, 0, 536, 141, 0
560, 0, 107, 0, 0, 536, 141, 0
1095, 0, 107, 0, 0, 536, 141, 0
1095, 0, 107, 0, 0, 425, 141, 0
1095, 0, 107, 0, 0, 425, 16, 0
1095, 0, 107, 0, 0, 425, 16, 0
1095, 4095, 107, 0, 0, 425, 16, 0
1095, 4095, 150, 0, 0, 425, 16, 0
1095, 4095, 150, 715, 0, 425, 16, 0
4095, 4095, 150, 715, 0, 425, 16, 0
4095, 4095, 150, 715, 0, 625, 16, 0
4095, 4095, 150, 715, 0, 625, 75, 0
4095, 4095, 150, 715, 0, 625, 75, 0
3367, 4095, 150, 715, 0, 625, 75, 0
3367, 1232, 150, 715, 0, 625, 75, 0
3367, 1232, 415, 715, 0, 625, 75, 0
0, 0, 0, 423, 0, 0, 0, 0
0, 0, 0, 423, 178, 0, 0, 0
0, 0, 0, 423, 178, 0, 0, 0
0, 0, 0, 423, 178, 0, 0, 0
0, 0, 426, 423, 178, 0, 0, 0
0, 0, 426, 423, 178, 416, 0, 0
0, 0, 426, 423, 178, 416, 0, 0
0, 0, 426, 423, 178, 416, 0, 0
0, 0, 426, 282, 178, 416, 0, 0
0, 0, 426, 282, 120, 416, 0, 0
0, 0, 426, 282, 120, 580, 0, 0
0, 0, 426, 282, 120, 580, 41, 0
0, 0, 426, 282, 120, 580, 41, 0
0, 0, 426, 84, 120, 580, 41, 0
0, 0, 426, 84, 417, 580, 41, 0
4095, 0, 426, 84, 417, 580, 41, 0
4095, 4095, 426, 84, 417, 580, 41, 0
4095, 4095, 306, 84, 417, 580, 41, 0
4095, 4095, 306, 84, 417, 400, 41, 0
4095, 4095, 306, 84, 417, 400, 36, 0
4095, 4095, 306, 84, 417, 400, 36, 0
4095, 4095, 306, 262, 417, 400, 36, 0
4095, 4095, 306, 262, 2509, 400, 36, 0
4095, 4095, 306, 262, 2509, 1626, 36, 0
4095, 4095, 306, 262, 2509, 1626, 80, 0
4095, 4095, 306, 262, 2509, 1626, 80, 0
4095, 4095, 306, 262, 2509, 1626, 80, 0
4095, 4095, 306, 262, 2509, 1626, 80, 0
4095, 4095, 591, 262, 2509, 1626, 80, 0
4095, 4095, 591, 2752, 2509, 1626, 80, 0
4095, 4095, 591, 2752, 301, 1626, 80, 0
4095, 4095, 591, 2752, 301, 4095, 80, 0
4095, 4095, 591, 2752, 301, 4095, 192, 0
4095, 4095, 591, 2752, 301, 4095, 192, 0
4095, 4095, 591, 1023, 301, 4095, 192, 0
4095, 4095, 591, 1023, 301, 870, 192, 0
4095, 4095, 591, 1023, 301, 870, 64, 0
4095, 4095, 591, 1023, 301, 870, 64, 0
4095, 4095, 591, 1023, 2151, 870, 64, 0
4095, 4095, 591, 1023, 2151, 870, 64, 0
4095, 4095, 591, 1023, 2151, 870, 64, 0
4095, 4095, 1156, 1023, 2151, 870, 64, 0
4095, 4095, 1156, 1023, 2151, 240, 64, 0
4095, 4095, 1156, 403, 2151, 240, 64, 0
4095, 4095, 1156, 403, 2151, 240, 3, 0
4095, 4095, 1156, 403, 2151, 240, 3, 0
4095, 4095, 1156, 403, 2320, 240, 3, 0
4095, 4095, 1156, 403, 2320, 2135, 3, 0
4095, 4095, 1156, 403, 2320, 2135, 80, 0
4095, 4095, 1156, 403, 2320, 2135, 80, 0
4095, 4095, 1156, 4095, 2320, 2135, 80, 0
4095, 4095, 1156, 4095, 606, 2135, 80, 0
2479, 4095, 1156, 4095, 606, 2135, 80, 0
2479, 0, 1156, 4095, 606, 2135, 80, 0
2479, 0, 1475, 4095, 606, 2135, 80, 0
2479, 0, 1475, 4095, 606, 736, 80, 0
2479, 0, 1475, 4095, 606, 736, 58, 0
2479, 0, 1475, 4095, 606, 736, 58, 0
2479, 0, 1475, 306, 606, 736, 58, 0
2479, 0, 1475, 306, 368, 736, 58, 0
2479, 0, 1475, 306, 368, 350, 58, 0
2479, 0, 1475, 306, 368, 350, 33, 0
2479, 0, 1475, 306, 368, 350, 33, 0
2479, 0, 1475, 3794, 368, 350, 33, 0
2479, 0, 1475, 3794, 375, 350, 33, 0
2479, 0, 1475, 3794, 375, 591, 33, 0
2479, 0, 1475, 3794, 375, 591, 55, 0
2479, 0, 1475, 3794, 375, 591, 55, 0
2479, 0, 1475, 4095, 375, 591, 55, 0
2479, 0, 1475, 4095, 380, 591, 55, 0
4095, 0, 1475, 4095, 380, 591, 55, 0
4095, 0, 1475, 4095, 380, 467, 55, 0
4095, 0, 1475, 4095, 380, 467, 29, 0
4095, 0, 1475, 4095, 380, 467, 29, 0
4095, 0, 1475, 4095, 380, 467, 29, 0
4095, 0, 1475, 4095, 3085, 467, 29, 0
4095, 0, 1475, 4095, 3085, 467, 29, 0
4095, 0, 0, 4095, 3085, 467, 29, 0
4095, 0, 0, 4095, 3085, 592, 29, 0
4095, 0, 0, 4095, 3085, 592, 71, 0
4095, 0, 0, 4095, 3085, 592, 71, 0
4095, 0, 0, 2939, 3085, 592, 71, 0
4095, 0, 0, 2939, 380, 592, 71, 0
4095, 0, 0, 2939, 380, 592, 71, 0
4095, 718, 0, 2939, 380, 592, 71, 0
4095, 718, 0, 2939, 380, 592, 71, 0
4095, 718, 0, 2939, 380, 640, 71, 0
4095, 718, 0, 2939, 380, 640, 61, 0
4095, 718, 0, 2939, 380, 640, 61, 0
4095, 718, 0, 4095, 380, 640, 61, 0
4095, 718, 0, 4095, 417, 640, 61, 0
4095, 718, 0, 4095, 417, 4095, 61, 0
4095, 718, 0, 4095, 417, 4095, 115, 0
4095, 718, 0, 4095, 417, 4095, 115, 0
4095, 718, 0, 80, 417, 4095, 115, 0
4095, 718, 0, 80, 3102, 4095, 115, 0
4095, 718, 0, 80, 3102, 4095, 115, 0
4095, 718, 0, 80, 3102, 4095, 530, 0
4095, 718, 0, 80, 3102, 4095, 530, 0
0, 718, 0, 80, 3102, 4095, 530, 0
0, 0, 0, 80, 3102, 4095, 530, 0
0, 0, 0, 80, 3102, 4095, 530, 0
0, 0, 0, 0, 3102, 4095, 530, 0
0, 0, 0, 0, 341, 4095, 530, 0
0, 0, 0, 0, 341, 4095, 530, 0
0, 0, 0, 0, 341, 4095, 249, 0
0, 0, 0, 0, 341, 4095, 249, 0
0, 0, 0, 155, 341, 4095, 249, 0
0, 0, 0, 155, 382, 4095, 249, 0
0, 0, 0, 155, 382, 4095, 249, 0
0, 0, 0, 155, 382, 4095, 249, 0
0, 0, 0, 155, 382, 4095, 249, 0
0, 0, 0, 155, 382, 4095, 249, 0
0, 0, 0, 0, 382, 4095, 249, 0
0, 0, 0, 0, 3107, 4095, 249, 0
0, 0, 0, 0, 3107, 4095, 227, 0
0, 0, 0, 0, 3107, 4095, 227, 0
0, 0, 0, 0, 3107, 1835, 227, 0
0, 0, 0, 0, 3107, 1835, 118, 0
0, 0, 0, 0, 3107, 1835, 118, 0
0, 0, 0, 4095, 3107, 1835, 118, 0
0, 0, 0, 4095, 1916, 1835, 118, 0
0, 0, 0, 4095, 1916, 1132, 118, 0
0, 0, 0, 4095, 1916, 1132, 115, 0
0, 0, 0, 4095, 1916, 1132, 115, 0
4095, 0, 0, 4095, 1916, 1132, 115, 0
4095, 4095, 0, 4095, 1916, 1132, 115, 0
4095, 4095, 808, 4095, 1916, 1132, 115, 0
4095, 4095, 808, 4095, 1916, 1132, 115, 0
4095, 4095, 808, 4095, 417, 1132, 115, 0
4095, 4095, 808, 4095, 417, 615, 115, 0
4095, 4095, 808, 4095, 417, 615, 80, 0
4095, 4095, 808, 4095, 417, 615, 80, 0
4095, 4095, 808, 4095, 417, 615, 80, 0
4095, 4095, 808, 4095, 972, 615, 80, 0
0, 0, 0, 0, 0, 268, 0, 0
0, 0, 0, 0, 0, 268, 64, 0
0, 0, 0, 0, 0, 268, 64, 0
0, 0, 0, 0, 0, 268, 64, 0
0, 0, 0, 0, 974, 268, 64, 0
0, 0, 0, 0, 974, 545, 64, 0
0, 0, 0, 0, 974, 545, 67, 0
0, 0, 0, 0, 974, 545, 67, 0
0, 0, 0, 0, 974, 496, 67, 0
0, 0, 0, 0, 974, 496, 55, 0
0, 0, 0, 0, 974, 496, 55, 0
0, 0, 0, 224, 974, 496, 55, 0
0, 0, 0, 224, 3086, 496, 55, 0
0, 0, 0, 320, 3086, 496, 55, 0
0, 0, 0, 320, 131, 496, 55, 0
0, 0, 0, 320, 131, 532, 55, 0
0, 0, 0, 320, 131, 532, 54, 0
0, 0, 0, 320, 131, 532, 54, 0
0, 0, 0, 682, 131, 532, 54, 0
0, 0, 0, 682, 52, 532, 54, 0
0, 0, 0, 682, 52, 387, 54, 0
0, 0, 0, 682, 52, 387, 16, 0
0, 0, 0, 682, 52, 387, 16, 0
0, 0, 0, 4095, 52, 387, 16, 0
0, 0, 0, 4095, 52, 1287, 16, 0
0, 0, 0, 4095, 52, 1287, 55, 0
0, 0, 0, 4095, 52, 1287, 55, 0
0, 0, 0, 4095, 52, 424, 55, 0
0, 0, 0, 4095, 52, 424, 75, 0
0, 0, 0, 4095, 52, 424, 75, 0
0, 0, 0, 4095, 52, 535, 75, 0
0, 0, 0, 4095, 52, 535, 75, 0
0, 0, 0, 4095, 52, 535, 75, 0
0, 0, 0, 4095, 52, 142, 75, 0
0, 0, 0, 4095, 52, 142, 16, 0
0, 0, 0, 4095, 52, 142, 16, 0
0, 0, 0, 4095, 2031, 142, 16, 0
0, 0, 0, 4095, 2031, 142, 16, 0
0, 0, 0, 4095, 2571, 142, 16, 0
0, 0, 0, 4095, 2571, 142, 16, 0
0, 0, 0, 4095, 415, 142, 16, 0
0, 0, 0, 0, 415, 142, 16, 0
0, 0, 0, 0, 974, 142, 16, 0
0, 0, 0, 619, 974, 142, 16, 0
0, 0, 0, 619, 105, 142, 16, 0
0, 0, 0, 619, 105, 662, 16, 0
0, 0, 0, 619, 105, 662, 45, 0
0, 0, 0, 619, 105, 662, 45, 0
0, 0, 0, 613, 105, 662, 45, 0
0, 0, 0, 613, 105, 949, 45, 0
0, 0, 0, 613, 105, 949, 40, 0
0, 0, 0, 613, 105, 949, 40, 0
0, 0, 0, 613, 164, 949, 40, 0
0, 0, 0, 613, 164, 304, 40, 0
0, 0, 0, 613, 164, 304, 60, 0
0, 0, 0, 613, 164, 304, 60, 0
0, 0, 0, 2798, 164, 304, 60, 0
0, 0, 0, 2798, 3102, 304, 60, 0
0, 0, 0, 311, 3102, 304, 60, 0
0, 0, 0, 311, 3102, 300, 60, 0
0, 0, 0, 311, 3102, 300, 11, 0
0, 0, 0, 311, 3102, 300, 11, 0
0, 0, 0, 311, 315, 300, 11, 0
0, 0, 0, 0, 315, 300, 11, 0
0, 0, 0, 0, 2352, 300, 11, 0
0, 0, 0, 0, 2352, 226, 11, 0
0, 0, 0, 0, 2352, 226, 20, 0
0, 0, 0, 0, 2352, 226, 20, 0
0, 0, 0, 0, 2352, 1024, 20, 0
0, 0, 0, 0, 2352, 1024, 50, 0
0, 0, 0, 0, 2352, 1024, 50, 0
0, 0, 0, 220, 2352, 1024, 50, 0
0, 0, 0, 220, 419, 1024, 50, 0
0, 0, 0, 220, 419, 509, 50, 0
0, 0, 0, 220, 419, 509, 50, 0
0, 0, 0, 220, 419, 509, 50, 0
0, 0, 0, 615, 419, 509, 50, 0
0, 0, 0, 615, 80, 509, 50, 0
0, 0, 0, 240, 80, 509, 50, 0
0, 0, 0, 240, 80, 458, 50, 0
0, 0, 0, 240, 80, 458, 80, 0
0, 0, 0, 240, 80, 458, 80, 0
0, 0, 0, 240, 138, 458, 80, 0
0, 0, 0, 240, 138, 772, 80, 0
0, 0, 0, 240, 138, 772, 57, 0
0, 0, 0, 240, 138, 772, 57, 0
0, 0, 0, 393, 138, 772, 57, 0
0, 0, 0, 393, 1421, 772, 57, 0
0, 0, 0, 393, 1421, 487, 57, 0
0, 0, 0, 393, 1421, 487, 57, 0
0, 0, 0, 393, 1421, 487, 57, 0
0, 0, 0, 591, 1421, 487, 57, 0
0, 0, 0, 591, 128, 487, 57, 0
0, 0, 0, 591, 128, 399, 57, 0
0, 0, 0, 591, 128, 399, 64, 0
0, 0, 0, 591, 128, 399, 64, 0
0, 0, 0, 672, 128, 399, 64, 0
0, 0, 0, 672, 437, 399, 64, 0
0, 0, 0, 545, 437, 399, 64, 0
0, 0, 0, 545, 125, 399, 64, 0
0, 0, 0, 545, 125, 541, 64, 0
0, 0, 0, 545, 125, 541, 65, 0
0, 0, 0, 545, 125, 541, 65, 0
0, 0, 0, 545, 125, 511, 65, 0
0, 0, 0, 530, 125, 511, 65, 0
0, 0, 0, 530, 125, 511, 57, 0
0, 0, 0, 530, 125, 511, 57, 0
0, 0, 0, 530, 356, 511, 57, 0
0, 0, 0, 530, 356, 4095, 57, 0
0, 0, 0, 530, 356, 4095, 3583, 0
0, 0, 0, 530, 356, 4095, 3583, 0
0, 0, 0, 51, 356, 4095, 3583, 0
0, 0, 0, 51, 3097, 4095, 3583, 0
0, 0, 0, 51, 3097, 4095, 3583, 0
0, 0, 0, 51, 3097, 4095, 1253, 0
0, 0, 0, 51, 3097, 4095, 1253, 0
0, 0, 0, 0, 3097, 4095, 1253, 0
0, 0, 0, 0, 3071, 4095, 1253, 0
0, 0, 0, 0, 3071, 571, 1253, 0
0, 0, 0, 0, 3071, 571, 304, 0
0, 0, 0, 0, 3071, 571, 304, 0
0, 0, 0, 641, 3071, 571, 304, 0
0, 0, 0, 641, 64, 571, 304, 0
0, 0, 0, 641, 64, 1531, 304, 0
0, 0, 0, 641, 64, 1531, 74, 0
0, 0, 0, 641, 64, 1531, 74, 0
0, 0, 0, 964, 64, 1531, 74, 0
0, 0, 0, 964, 93, 1531, 74, 0
0, 0, 0, 964, 93, 647, 74, 0
0, 0, 0, 964, 93, 647, 203, 0
0, 0, 0, 964, 93, 647, 203, 0
0, 0, 0, 120, 93, 647, 203, 0
0, 0, 0, 120, 418, 647, 203, 0
0, 0, 0, 120, 418, 0, 203, 0
0, 0, 0, 120, 418, 0, 0, 0
0, 0, 0, 120, 418, 0, 0, 0
0, 0, 0, 0, 418, 0, 0, 0
0, 0, 0, 0, 3068, 0, 0, 0
0, 0, 0, 0, 3068, 620, 0, 0
0, 0, 0, 0, 3068, 620, 98, 0
0, 0, 0, 0, 3068, 620, 98, 0
0, 0, 0, 0, 3068, 620, 98, 0
0, 0, 0, 0, 3091, 620, 98, 0
0, 0, 0, 0, 3091, 540, 98, 0
0, 0, 0, 0, 3091, 540, 112, 0
0, 0, 0, 0, 3091, 540, 112, 0
0, 0, 0, 702, 3091, 540, 112, 0
0, 0, 0, 702, 73, 540, 112, 0
0, 0, 0, 0, 0, 653, 0, 0
0, 0, 0, 0, 0, 653, 207, 0
0, 0, 0, 0, 0, 653, 207, 0
0, 0, 0, 360, 0, 653, 207, 0
0, 0, 0, 360, 176, 653, 207, 0
0, 0, 0, 360, 176, 699, 207, 0
0, 0, 0, 360, 176, 699, 192, 0
0, 0, 0, 360, 176, 699, 192, 0
0, 0, 0, 602, 176, 699, 192, 0
0, 0, 0, 602, 111, 699, 192, 0
0, 0, 0, 602, 111, 382, 192, 0
0, 0, 0, 602, 111, 382, 0, 0
0, 0, 0, 602, 111, 382, 0, 0
0, 0, 0, 16, 111, 382, 0, 0
0, 0, 0, 16, 3072, 382, 0, 0
0, 0, 0, 16, 3072, 642, 0, 0
0, 0, 0, 16, 3072, 642, 166, 0
0, 0, 0, 16, 3072, 642, 166, 0
0, 0, 0, 658, 3072, 642, 166, 0
0, 0, 0, 658, 61, 642, 166, 0
0, 0, 0, 658, 61, 4095, 166, 0
0, 0, 0, 658, 61, 4095, 272, 0
0, 0, 0, 658, 61, 4095, 272, 0
0, 0, 0, 4095, 61, 4095, 272, 0
0, 0, 0, 4095, 2045, 4095, 272, 0
0, 0, 0, 4095, 2045, 385, 272, 0
0, 0, 0, 4095, 2045, 385, 223, 0
0, 0, 0, 4095, 2045, 385, 223, 0
0, 0, 0, 4095, 2045, 385, 223, 0
0, 0, 0, 4095, 0, 385, 223, 0
0, 0, 0, 4095, 0, 962, 223, 0
0, 0, 0, 4095, 0, 962, 343, 0
0, 0, 0, 4095, 0, 962, 343, 0
0, 0, 0, 4095, 0, 934, 343, 0
0, 0, 0, 4095, 0, 934, 201, 0
0, 0, 0, 4095, 0, 934, 201, 0
0, 0, 0, 375, 0, 934, 201, 0
0, 0, 0, 375, 0, 934, 201, 0
0, 0, 0, 375, 0, 880, 201, 0
0, 0, 0, 375, 0, 880, 195, 0
0, 0, 0, 375, 0, 880, 195, 0
0, 0, 0, 375, 0, 4095, 195, 0
0, 0, 0, 375, 0, 4095, 4095, 0
0, 0, 0, 375, 0, 4095, 4095, 0
0, 0, 0, 4095, 0, 4095, 4095, 0
0, 0, 0, 4095, 0, 4095, 4095, 0
0, 0, 0, 4095, 0, 821, 4095, 0
0, 0, 0, 4095, 0, 821, 3209, 0
0, 0, 0, 4095, 0, 821, 3209, 0
0, 0, 0, 4095, 0, 821, 3209, 0
0, 0, 0, 4095, 0, 821, 3209, 0
0, 0, 0, 4095, 0, 752, 3209, 0
0, 0, 0, 4095, 0, 752, 273, 0
0, 0, 0, 4095, 0, 752, 273, 0
0, 0, 0, 4095, 0, 609, 273, 0
0, 0, 0, 4095, 0, 609, 192, 0
0, 0, 0, 4095, 0, 609, 192, 0
0, 0, 0, 1751, 0, 609, 192, 0
0, 0, 0, 1751, 0, 609, 192, 0
0, 0, 0, 1751, 0, 1001, 192, 0
0, 0, 0, 1751, 0, 1001, 291, 0
0, 0, 0, 1751, 0, 1001, 291, 0
0, 0, 0, 1223, 0, 1001, 291, 0
0, 0, 0, 1223, 0, 1001, 291, 0
0, 0, 0, 1223, 0, 726, 291, 0
0, 0, 0, 1223, 0, 726, 266, 0
0, 0, 0, 1223, 0, 726, 266, 0
0, 0, 0, 1223, 0, 713, 266, 0
0, 0, 0, 1223, 0, 713, 208, 0
0, 0, 0, 1223, 0, 713, 208, 0
0, 0, 0, 1447, 0, 713, 208, 0
0, 0, 0, 1447, 0, 713, 208, 0
0, 0, 0, 1447, 0, 205, 208, 0
0, 0, 0, 1447, 0, 205, 257, 0
0, 0, 0, 1447, 0, 205, 257, 0
0, 0, 0, 1447, 0, 867, 257, 0
0, 0, 0, 1447, 0, 867, 270, 0
0, 0, 0, 1447, 0, 867, 270, 0
0, 0, 0, 1349, 0, 867, 270, 0
0, 0, 0, 1349, 0, 867, 270, 0
0, 0, 0, 1349, 0, 1507, 270, 0
0, 0, 0, 1349, 0, 1507, 200, 0
0, 0, 0, 1349, 0, 1507, 200, 0
0, 0, 0, 1170, 0, 1507, 200, 0
0, 0, 0, 1170, 0, 1507, 200, 0
0, 0, 0, 1170, 0, 615, 200, 0
0, 0, 0, 1170, 0, 615, 229, 0
0, 0, 0, 1170, 0, 615, 229, 0
0, 0, 0, 1170, 0, 913, 229, 0
0, 0, 0, 1170, 0, 913, 240, 0
0, 0, 0, 1170, 0, 913, 240, 0
0, 0, 0, 953, 0, 913, 240, 0
0, 0, 0, 953, 0, 913, 240, 0
0, 0, 0, 953, 0, 1791, 240, 0
0, 0, 0, 953, 0, 1791, 240, 0
0, 0, 0, 953, 0, 1791, 240, 0
0, 0, 0, 1363, 0, 1791, 240, 0
0, 0, 0, 1363, 0, 1791, 240, 0
0, 0, 0, 1363, 0, 3088, 240, 0
0, 0, 0, 1363, 0, 3088, 350, 0
0, 0, 0, 1363, 0, 3088, 350, 0
0, 0, 0, 1363, 0, 586, 350, 0
0, 0, 0, 1363, 0, 586, 224, 0
0, 0, 0, 1363, 0, 586, 224, 0
0, 0, 0, 4095, 0, 586, 224, 0
0, 0, 0, 4095, 0, 586, 224, 0
0, 0, 0, 4095, 0, 615, 224, 0
0, 0, 0, 4095, 0, 615, 309, 0
0, 0, 0, 4095, 0, 615, 309, 0
0, 0, 0, 4095, 0, 615, 309, 0
0, 0, 0, 4095, 1566, 615, 309, 0
0, 0, 0, 4095, 1566, 698, 309, 0
0, 0, 0, 4095, 1566, 698, 277, 0
0, 0, 0, 4095, 1566, 698, 277, 0
0, 0, 0, 4095, 1566, 738, 277, 0
0, 0, 0, 4095, 1566, 738, 227, 0
0, 0, 0, 4095, 1566, 738, 227, 0
0, 0, 0, 992, 1566, 738, 227, 0
0, 0, 0, 992, 0, 738, 227, 0
0, 0, 0, 992, 0, 864, 227, 0
0, 0, 0, 992, 0, 864, 345, 0
0, 0, 0, 992, 0, 864, 345, 0
0, 0, 0, 30, 0, 864, 345, 0
0, 0, 0, 30, 0, 864, 345, 0
0, 0, 0, 30, 0, 1006, 345, 0
0, 0, 0, 30, 0, 1006, 182, 0
0, 0, 0, 30, 0, 1006, 182, 0
0, 0, 0, 30, 0, 376, 182, 0
0, 0, 0, 30, 0, 376, 44, 0
0, 0, 0, 30, 0, 376, 44, 0
0, 0, 0, 2698, 0, 376, 44, 0
0, 0, 0, 2698, 0, 376, 44, 0
0, 0, 0, 2698, 0, 176, 44, 0
0, 0, 0, 2698, 0, 176, 107, 0
0, 0, 0, 2698, 0, 176, 107, 0
0, 0, 0, 0, 0, 176, 107, 0
0, 0, 0, 0, 0, 176, 107, 0
0, 0, 0, 0, 0, 624, 107, 0
0, 0, 0, 0, 0, 624, 0, 0
0, 0, 0, 0, 0, 624, 0, 0
0, 0, 0, 0, 0, 1440, 0, 0
0, 0, 0, 0, 0, 1440, 0, 0
0, 0, 0, 0, 0, 1440, 0, 0
0, 0, 0, 1595, 0, 1440, 0, 0
0, 0, 0, 1595, 0, 1440, 0, 0
0, 0, 0, 1595, 0, 1937, 0, 0
0, 0, 0, 1595, 0, 1937, 210, 0
0, 0, 0, 1595, 0, 1937, 210, 0
0, 0, 0, 848, 0, 1937, 210, 0
0, 0, 0, 848, 7511, 1937, 210, 0
0, 0, 0, 690, 0, 0, 0, 0
0, 0, 0, 690, 115, 0, 0, 0
0, 0, 0, 690, 115, 511, 0, 0
0, 0, 0, 690, 115, 511, 78, 0
0, 0, 0, 690, 115, 511, 78, 0
0, 0, 0, 683, 115, 511, 78, 0
0, 0, 0, 683, 1834, 511, 78, 0
0, 0, 0, 683, 1834, 464, 78, 0
0, 0, 0, 683, 1834, 464, 54, 0
0, 0, 0, 683, 1834, 464, 54, 0
0, 0, 0, 150, 1834, 464, 54, 0
0, 0, 0, 150, 3113, 464, 54, 0
0, 0, 0, 150, 3113, 426, 54, 0
0, 0, 0, 150, 3113, 426, 51, 0
0, 0, 0, 150, 3113, 426, 51, 0
0, 0, 0, 1023, 3113, 426, 51, 0
0, 0, 0, 1023, 1608, 426, 51, 0
0, 0, 0, 1023, 1608, 382, 51, 0
0, 0, 0, 1023, 1608, 382, 26, 0
0, 0, 0, 1023, 1608, 382, 26, 0
0, 0, 0, 4095, 1608, 382, 26, 0
0, 0, 0, 4095, 925, 382, 26, 0
0, 0, 0, 4095, 925, 316, 26, 0
0, 0, 0, 4095, 925, 316, 90, 0
0, 0, 0, 4095, 925, 316, 90, 0
0, 0, 0, 4095, 925, 316, 90, 0
0, 0, 0, 4095, 61, 316, 90, 0
0, 0, 0, 4095, 61, 364, 90, 0
0, 0, 0, 4095, 61, 364, 426, 0
0, 0, 0, 4095, 61, 364, 426, 0
0, 0, 0, 4095, 61, 306, 426, 0
0, 0, 0, 4095, 61, 306, 33, 0
0, 0, 0, 4095, 61, 306, 33, 0
0, 0, 0, 0, 61, 306, 33, 0
0, 0, 0, 0, 2656, 306, 33, 0
0, 0, 0, 782, 2656, 306, 33, 0
0, 0, 0, 782, 138, 306, 33, 0
0, 0, 0, 782, 138, 544, 33, 0
0, 0, 0, 782, 138, 544, 70, 0
0, 0, 0, 782, 138, 544, 70, 0
0, 0, 0, 782, 138, 384, 70, 0
0, 0, 0, 782, 138, 384, 49, 0
0, 0, 0, 782, 138, 384, 49, 0
0, 0, 0, 1949, 138, 384, 49, 0
0, 0, 0, 1949, 3076, 384, 49, 0
0, 0, 0, 1949, 3076, 2139, 49, 0
0, 0, 0, 1949, 3076, 2139, 176, 0
0, 0, 0, 1949, 3076, 2139, 176, 0
0, 0, 0, 4095, 3076, 2139, 176, 0
0, 0, 0, 4095, 2559, 2139, 176, 0
0, 0, 0, 4095, 2559, 527, 176, 0
0, 0, 0, 4095, 2559, 527, 95, 0
0, 0, 0, 4095, 2559, 527, 95, 0
0, 0, 0, 1788, 2559, 527, 95, 0
0, 0, 0, 1788, 3083, 527, 95, 0
0, 0, 0, 1788, 3083, 499, 95, 0
0, 0, 0, 1788, 3083, 499, 77, 0
0, 0, 0, 1788, 3083, 499, 77, 0
0, 0, 0, 560, 3083, 499, 77, 0
0, 0, 0, 560, 1815, 499, 77, 0
0, 0, 0, 560, 1815, 435, 77, 0
0, 0, 0, 560, 1815, 435, 77, 0
0, 0, 0, 560, 1815, 435, 77, 0
0, 0, 0, 3485, 1815, 435, 77, 0
0, 0, 0, 3485, 479, 435, 77, 0
0, 0, 0, 3485, 479, 1655, 77, 0
0, 0, 0, 3485, 479, 1655, 160, 0
0, 0, 0, 3485, 479, 1655, 160, 0
0, 0, 0, 1062, 479, 1655, 160, 0
0, 0, 0, 1062, 2825, 1655, 160, 0
0, 0, 0, 1062, 2825, 496, 160, 0
0, 0, 0, 1062, 2825, 496, 70, 0
0, 0, 0, 1062, 2825, 496, 70, 0
0, 0, 0, 402, 2825, 496, 70, 0
0, 0, 0, 402, 417, 496, 70, 0
0, 0, 0, 402, 417, 362, 70, 0
0, 0, 0, 402, 417, 362, 30, 0
0, 0, 0, 402, 417, 362, 30, 0
0, 0, 0, 459, 417, 362, 30, 0
0, 0, 0, 459, 62, 362, 30, 0
0, 0, 0, 459, 62, 528, 30, 0
0, 0, 0, 459, 62, 528, 61, 0
0, 0, 0, 459, 62, 528, 61, 0
0, 0, 0, 574, 62, 528, 61, 0
0, 0, 0, 574, 113, 528, 61, 0
0, 0, 0, 574, 113, 551, 61, 0
0, 0, 0, 574, 113, 551, 67, 0
0, 0, 0, 574, 113, 551, 67, 0
0, 0, 0, 553, 113, 551, 67, 0
0, 0, 0, 553, 158, 551, 67, 0
0, 0, 0, 553, 158, 1045, 67, 0
0, 0, 0, 553, 158, 1045, 256, 0
0, 0, 0, 553, 158, 1045, 256, 0
0, 0, 0, 0, 158, 1045, 256, 0
0, 0, 0, 0, 3051, 1045, 256, 0
0, 0, 0, 0, 3051, 685, 256, 0
0, 0, 0, 0, 3051, 685, 80, 0
0, 0, 0, 0, 3051, 685, 80, 0
0, 0, 0, 942, 3051, 685, 80, 0
0, 0, 0, 942, 62, 685, 80, 0
0, 0, 0, 942, 62, 336, 80, 0
0, 0, 0, 942, 62, 336, 1659, 0
0, 0, 0, 942, 62, 336, 1659, 0
0, 0, 0, 0, 62, 336, 1659, 0
0, 0, 0, 0, 1647, 336, 1659, 0
0, 0, 0, 0, 1647, 461, 1659, 0
0, 0, 0, 0, 1647, 461, 48, 0
0, 0, 0, 0, 1647, 461, 48, 0
0, 0, 0, 128, 1647, 461, 48, 0
0, 0, 0, 128, 686, 461, 48, 0
0, 0, 0, 128, 686, 327, 48, 0
0, 0, 0, 128, 686, 327, 46, 0
0, 0, 0, 128, 686, 327, 46, 0
0, 0, 0, 605, 686, 327, 46, 0
0, 0, 0, 605, 118, 327, 46, 0
0, 0, 0, 605, 118, 907, 46, 0
0, 0, 0, 605, 118, 907, 239, 0
0, 0, 0, 605, 118, 907, 239, 0
0, 0, 0, 0, 118, 907, 239, 0
0, 0, 0, 0, 118, 333, 239, 0
0, 0, 0, 0, 3073, 333, 239, 0
0, 0, 0, 0, 3073, 333, 35, 0
0, 0, 0, 0, 3073, 333, 35, 0
0, 0, 0, 0, 3073, 333, 35, 0
0, 0, 0, 0, 1323, 333, 35, 0
0, 0, 0, 0, 1323, 448, 35, 0
0, 0, 0, 0, 1323, 448, 16, 0
0, 0, 0, 0, 1323, 448, 16, 0
0, 0, 0, 855, 1323, 448, 16, 0
0, 0, 0, 855, 1323, 326, 16, 0
0, 0, 0, 855, 63, 326, 16, 0
0, 0, 0, 855, 63, 326, 16, 0
0, 0, 0, 855, 63, 326, 16, 0
0, 0, 0, 225, 63, 326, 16, 0
0, 0, 0, 225, 417, 326, 16, 0
0, 0, 0, 225, 417, 454, 16, 0
0, 0, 0, 225, 417, 454, 27, 0
0, 0, 0, 225, 417, 454, 27, 0
0, 0, 0, 739, 417, 454, 27, 0
0, 0, 0, 739, 897, 454, 27, 0
0, 0, 0, 739, 897, 466, 27, 0
0, 0, 0, 739, 897, 466, 77, 0
0, 0, 0, 739, 897, 466, 77, 0
0, 0, 0, 0, 897, 466, 77, 0
0, 0, 0, 0, 418, 466, 77, 0
0, 0, 0, 0, 418, 0, 77, 0
0, 0, 0, 0, 418, 0, 30, 0
0, 0, 0, 0, 418, 0, 30, 0
0, 0, 0, 0, 418, 309, 30, 0
0, 0, 0, 0, 418, 309, 1, 0
0, 0, 0, 0, 418, 309, 1, 0
0, 0, 0, 831, 418, 309, 1, 0
0, 0, 0, 831, 208, 309, 1, 0
0, 0, 0, 0, 0, 463, 0, 0
0, 0, 0, 0, 0, 463, 0, 0
0, 0, 0, 0, 0, 463, 97, 0
0, 0, 0, 0, 0, 463, 97, 0
0, 0, 0, 0, 979, 463, 97, 0
0, 0, 0, 0, 979, 482, 97, 0
0, 0, 0, 0, 979, 482, 109, 0
0, 0, 0, 0, 979, 482, 109, 0
0, 0, 0, 662, 979, 482, 109, 0
0, 0, 0, 662, 2676, 482, 109, 0
0, 0, 0, 662, 2676, 1296, 109, 0
0, 0, 0, 662, 2676, 1296, 203, 0
0, 0, 0, 662, 2676, 1296, 203, 0
0, 0, 0, 0, 2676, 1296, 203, 0
0, 0, 0, 0, 1658, 1296, 203, 0
0, 0, 0, 0, 1658, 4095, 203, 0
0, 0, 0, 0, 1658, 4095, 1615, 0
0, 0, 0, 0, 1658, 4095, 1615, 0
0, 0, 0, 0, 1658, 4095, 1615, 0
0, 0, 0, 0, 3106, 4095, 1615, 0
0, 0, 0, 0, 3106, 4095, 1615, 0
0, 0, 0, 0, 3106, 4095, 304, 0
0, 0, 0, 0, 3106, 4095, 304, 0
0, 0, 0, 613, 3106, 4095, 304, 0
0, 0, 0, 613, 419, 4095, 304, 0
0, 0, 0, 613, 419, 4095, 304, 0
0, 0, 0, 613, 419, 4095, 239, 0
0, 0, 0, 613, 419, 4095, 239, 0
0, 0, 0, 25, 419, 4095, 239, 0
0, 0, 0, 25, 3100, 4095, 239, 0
0, 0, 0, 25, 3100, 2062, 239, 0
0, 0, 0, 25, 3100, 2062, 123, 0
0, 0, 0, 25, 3100, 2062, 123, 0
0, 0, 0, 4095, 3100, 2062, 123, 0
0, 0, 0, 4095, 3080, 2062, 123, 0
0, 0, 0, 4095, 3080, 1615, 123, 0
0, 0, 0, 4095, 3080, 1615, 73, 0
0, 0, 0, 4095, 3080, 1615, 73, 0
0, 0, 0, 4095, 3080, 1615, 73, 0
0, 0, 0, 4095, 3080, 2756, 73, 0
0, 0, 0, 4095, 95, 2756, 73, 0
0, 0, 0, 4095, 95, 2756, 82, 0
0, 0, 0, 4095, 95, 2756, 82, 0
0, 0, 0, 4095, 95, 167, 82, 0
0, 0, 0, 4095, 95, 167, 0, 0
0, 0, 0, 4095, 95, 167, 0, 0
0, 0, 0, 1602, 95, 167, 0, 0
0, 0, 0, 1602, 0, 167, 0, 0
0, 0, 0, 1602, 0, 144, 0, 0
0, 0, 0, 1602, 0, 144, 0, 0
0, 0, 0, 1602, 0, 144, 0, 0
0, 0, 0, 1374, 0, 144, 0, 0
0, 0, 0, 1374, 307, 144, 0, 0
0, 0, 0, 1374, 307, 219, 0, 0
0, 0, 0, 1374, 307, 219, 32, 0
0, 0, 0, 1374, 307, 219, 32, 0
0, 0, 0, 1374, 307, 209, 32, 0
0, 0, 0, 1374, 307, 209, 41, 0
0, 0, 0, 1374, 307, 209, 41, 0
0, 0, 0, 2247, 307, 209, 41, 0
0, 0, 0, 2247, 330, 209, 41, 0
0, 0, 0, 2247, 330, 474, 41, 0
0, 0, 0, 2247, 330, 474, 15, 0
0, 0, 0, 2247, 330, 474, 15, 0
0, 0, 0, 2247, 330, 138, 15, 0
0, 0, 0, 2247, 330, 138, 771, 0
0, 0, 0, 2247, 330, 138, 771, 0
0, 0, 0, 4095, 330, 138, 771, 0
0, 0, 0, 4095, 0, 138, 771, 0
0, 0, 0, 4095, 0, 124, 771, 0
0, 0, 0, 4095, 0, 124, 0, 0
0, 0, 0, 4095, 0, 124, 0, 0
0, 0, 0, 4095, 0, 124, 0, 0
0, 0, 0, 4095, 0, 124, 0, 0
0, 0, 0, 4095, 0, 181, 0, 0
0, 0, 0, 4095, 0, 181, 35, 0
0, 0, 0, 4095, 0, 181, 35, 0
0, 0, 0, 1229, 0, 0, 0, 0
0, 0, 0, 1229, 0, 0, 0, 0
0, 0, 0, 1229, 0, 340, 0, 0
0, 0, 0, 1229, 0, 340, 51, 0
0, 0, 0, 1229, 0, 340, 51, 0
0, 0, 0, 1229, 0, 376, 51, 0
0, 0, 0, 1229, 0, 376, 18, 0
0, 0, 0, 1229, 0, 376, 18, 0
0, 0, 0, 1086, 0, 376, 18, 0
0, 0, 0, 1086, 0, 376, 18, 0
0, 0, 0, 1086, 0, 4095, 18, 0
0, 0, 0, 1086, 0, 4095, 493, 0
0, 0, 0, 1086, 0, 4095, 493, 0
0, 0, 0, 1065, 0, 4095, 493, 0
0, 0, 0, 1065, 0, 4095, 493, 0
0, 0, 0, 1065, 0, 4095, 493, 0
0, 0, 0, 1065, 0, 4095, 238, 0
0, 0, 0, 1065, 0, 4095, 238, 0
0, 0, 0, 1055, 0, 4095, 238, 0
0, 0, 0, 1055, 0, 4095, 238, 0
0, 0, 0, 1055, 0, 816, 238, 0
0, 0, 0, 1055, 0, 816, 19, 0
0, 0, 0, 1055, 0, 816, 19, 223
0, 0, 0, 1055, 0, 1567, 19, 223
0, 0, 0, 1055, 0, 1567, 144, 223
0, 0, 0, 1055, 0, 1567, 144, 0
0, 0, 0, 4095, 0, 1567, 144, 0
0, 0, 0, 4095, 0, 1567, 144, 0
0, 0, 0, 4095, 0, 1489, 144, 0
0, 0, 0, 4095, 0, 1489, 23, 0
0, 0, 0, 4095, 0, 1489, 23, 0
0, 0, 0, 4095, 0, 1489, 23, 0
0, 0, 0, 4095, 0, 1489, 23, 0
0, 0, 0, 4095, 0, 192, 23, 0
0, 0, 0, 4095, 0, 192, 16, 0
0, 0, 0, 4095, 0, 192, 16, 0
0, 0, 0, 4095, 0, 1340, 16, 0
0, 0, 0, 4095, 0, 1340, 94, 0
0, 0, 0, 4095, 0, 1340, 94, 0
0, 0, 0, 4095, 0, 1340, 94, 0
0, 0, 0, 4095, 0, 1340, 94, 0
0, 0, 0, 4095, 0, 391, 94, 0
0, 0, 0, 4095, 0, 391, 71, 0
0, 0, 0, 4095, 0, 391, 71, 0
0, 0, 0, 810, 0, 391, 71, 0
0, 0, 0, 810, 0, 391, 71, 0
0, 0, 0, 810, 0, 317, 71, 0
0, 0, 0, 810, 0, 317, 23, 0
0, 0, 0, 810, 0, 317, 23, 0
0, 0, 0, 1717, 0, 317, 23, 0
0, 0, 0, 1717, 0, 317, 23, 0
0, 0, 0, 1717, 0, 398, 23, 0
0, 0, 0, 1717, 0, 398, 16, 0
0, 0, 0, 1717, 0, 398, 16, 0
0, 0, 0, 547, 0, 398, 16, 0
0, 0, 0, 547, 0, 398, 16, 0
0, 0, 0, 547, 0, 187, 16, 0
0, 0, 0, 547, 0, 187, 16, 0
0, 0, 0, 547, 0, 187, 16, 0
0, 0, 0, 0, 0, 187, 16, 0
0, 0, 0, 0, 0, 187, 16, 0
0, 0, 0, 0, 0, 490, 16, 0
0, 0, 0, 0, 0, 490, 19, 0
0, 0, 0, 0, 0, 490, 19, 0
0, 0, 0, 560, 0, 490, 19, 0
0, 0, 0, 560, 0, 490, 19, 0
0, 0, 0, 560, 0, 193, 19, 0
0, 0, 0, 560, 0, 193, 84, 0
0, 0, 0, 560, 0, 193, 84, 0
0, 0, 0, 357, 0, 193, 84, 0
0, 0, 0, 357, 0, 193, 84, 0
0, 0, 0, 357, 0, 369, 84, 0
0, 0, 0, 357, 0, 369, 42, 0
0, 0, 0, 357, 0, 369, 42, 0
0, 0, 0, 4095, 0, 369, 42, 0
0, 0, 0, 4095, 0, 369, 42, 0
0, 0, 0, 4095, 0, 208, 42, 0
0, 0, 0, 4095, 0, 208, 38, 0
0, 0, 0, 4095, 0, 208, 38, 0
0, 0, 0, 4095, 0, 208, 38, 0
0, 0, 0, 4095, 0, 208, 38, 0
0, 0, 0, 4095, 0, 806, 38, 0
0, 0, 0, 4095, 0, 806, 208, 0
0, 0, 0, 4095, 0, 806, 208, 0
0, 0, 0, 502, 0, 806, 208, 0
0, 0, 0, 502, 0, 806, 208, 0
